slurmstepd-ares-comp-10: error: Could not run slurm task_prolog [/etc/slurm/task.prolog]: Permission denied
==========================================
parameter sweep - cluster run
==========================================
job started: Thu Dec  4 06:38:45 AM CST 2025
node: ares-comp-10
job id: 5945
==========================================
==========================================
parameter sweep: chunk
==========================================
loading modules...
activating venv...
python version: Python 3.11.9


configuration:
  sweep id: 20251204_063850_sweep_chunk_Llama-3.2-3B-Instruct
  phases: 2
  device: cpu

running 6 experiments...

==========================================
running with chunk = 1
==========================================
✓ detected model default dtype: bfloat16 (torch_dtype='bfloat16' from config.json)

auto-detected dtype: bfloat16
======================================================================
TENSORSTORE SWEEP: meta-llama/Llama-3.2-3B-Instruct
model type: llama
run id: 20251204_063850_sweep_chunk_Llama-3.2-3B-Instruct/chunk1_Llama-3.2-3B-Instruct
dtype: bfloat16
chunk size: 1 MB
concurrency: default (tensorstore)
clear cache: False
======================================================================

model checkpoints directory: /mnt/common/zchowdhury1/tensorstore/llama-work/cluster/saved_models/20251204_063850_sweep_chunk_Llama-3.2-3B-Instruct/chunk1_Llama-3.2-3B-Instruct
results directory: /mnt/common/zchowdhury1/tensorstore/llama-work/cluster/results/20251204_063850_sweep_chunk_Llama-3.2-3B-Instruct/chunk1_Llama-3.2-3B-Instruct

loading model: meta-llama/Llama-3.2-3B-Instruct
device: cpu
Loading checkpoint shards:   0%|          | 0/2 [00:00<?, ?it/s]Loading checkpoint shards:  50%|█████     | 1/2 [00:00<00:00,  2.58it/s]Loading checkpoint shards: 100%|██████████| 2/2 [00:00<00:00,  4.22it/s]Loading checkpoint shards: 100%|██████████| 2/2 [00:00<00:00,  3.85it/s]
✓ model loaded: 3212.7m parameters

======================================================================
PHASE 2: TENSORSTORE (BASIC)
======================================================================

======================================================================
TENSORSTORE: saving
======================================================================
saving:   0%|          | 0/255 [00:00<?, ?it/s]error saving model.embed_tokens.weight: Got unsupported ScalarType BFloat16
error saving model.layers.0.self_attn.q_proj.weight: Got unsupported ScalarType BFloat16
error saving model.layers.0.self_attn.k_proj.weight: Got unsupported ScalarType BFloat16
error saving model.layers.0.self_attn.v_proj.weight: Got unsupported ScalarType BFloat16
error saving model.layers.0.self_attn.o_proj.weight: Got unsupported ScalarType BFloat16
error saving model.layers.0.mlp.gate_proj.weight: Got unsupported ScalarType BFloat16
error saving model.layers.0.mlp.up_proj.weight: Got unsupported ScalarType BFloat16
error saving model.layers.0.mlp.down_proj.weight: Got unsupported ScalarType BFloat16
error saving model.layers.0.input_layernorm.weight: Got unsupported ScalarType BFloat16
error saving model.layers.0.post_attention_layernorm.weight: Got unsupported ScalarType BFloat16
error saving model.layers.1.self_attn.q_proj.weight: Got unsupported ScalarType BFloat16
error saving model.layers.1.self_attn.k_proj.weight: Got unsupported ScalarType BFloat16
error saving model.layers.1.self_attn.v_proj.weight: Got unsupported ScalarType BFloat16
error saving model.layers.1.self_attn.o_proj.weight: Got unsupported ScalarType BFloat16
error saving model.layers.1.mlp.gate_proj.weight: Got unsupported ScalarType BFloat16
error saving model.layers.1.mlp.up_proj.weight: Got unsupported ScalarType BFloat16
error saving model.layers.1.mlp.down_proj.weight: Got unsupported ScalarType BFloat16
error saving model.layers.1.input_layernorm.weight: Got unsupported ScalarType BFloat16
error saving model.layers.1.post_attention_layernorm.weight: Got unsupported ScalarType BFloat16
error saving model.layers.2.self_attn.q_proj.weight: Got unsupported ScalarType BFloat16
error saving model.layers.2.self_attn.k_proj.weight: Got unsupported ScalarType BFloat16
error saving model.layers.2.self_attn.v_proj.weight: Got unsupported ScalarType BFloat16
error saving model.layers.2.self_attn.o_proj.weight: Got unsupported ScalarType BFloat16
error saving model.layers.2.mlp.gate_proj.weight: Got unsupported ScalarType BFloat16
error saving model.layers.2.mlp.up_proj.weight: Got unsupported ScalarType BFloat16
error saving model.layers.2.mlp.down_proj.weight: Got unsupported ScalarType BFloat16
error saving model.layers.2.input_layernorm.weight: Got unsupported ScalarType BFloat16
error saving model.layers.2.post_attention_layernorm.weight: Got unsupported ScalarType BFloat16
error saving model.layers.3.self_attn.q_proj.weight: Got unsupported ScalarType BFloat16
error saving model.layers.3.self_attn.k_proj.weight: Got unsupported ScalarType BFloat16
error saving model.layers.3.self_attn.v_proj.weight: Got unsupported ScalarType BFloat16
error saving model.layers.3.self_attn.o_proj.weight: Got unsupported ScalarType BFloat16
error saving model.layers.3.mlp.gate_proj.weight: Got unsupported ScalarType BFloat16
error saving model.layers.3.mlp.up_proj.weight: Got unsupported ScalarType BFloat16
error saving model.layers.3.mlp.down_proj.weight: Got unsupported ScalarType BFloat16
error saving model.layers.3.input_layernorm.weight: Got unsupported ScalarType BFloat16
error saving model.layers.3.post_attention_layernorm.weight: Got unsupported ScalarType BFloat16
error saving model.layers.4.self_attn.q_proj.weight: Got unsupported ScalarType BFloat16
error saving model.layers.4.self_attn.k_proj.weight: Got unsupported ScalarType BFloat16
error saving model.layers.4.self_attn.v_proj.weight: Got unsupported ScalarType BFloat16
error saving model.layers.4.self_attn.o_proj.weight: Got unsupported ScalarType BFloat16
error saving model.layers.4.mlp.gate_proj.weight: Got unsupported ScalarType BFloat16
error saving model.layers.4.mlp.up_proj.weight: Got unsupported ScalarType BFloat16
error saving model.layers.4.mlp.down_proj.weight: Got unsupported ScalarType BFloat16
error saving model.layers.4.input_layernorm.weight: Got unsupported ScalarType BFloat16
error saving model.layers.4.post_attention_layernorm.weight: Got unsupported ScalarType BFloat16
error saving model.layers.5.self_attn.q_proj.weight: Got unsupported ScalarType BFloat16
error saving model.layers.5.self_attn.k_proj.weight: Got unsupported ScalarType BFloat16
error saving model.layers.5.self_attn.v_proj.weight: Got unsupported ScalarType BFloat16
error saving model.layers.5.self_attn.o_proj.weight: Got unsupported ScalarType BFloat16
error saving model.layers.5.mlp.gate_proj.weight: Got unsupported ScalarType BFloat16
error saving model.layers.5.mlp.up_proj.weight: Got unsupported ScalarType BFloat16
error saving model.layers.5.mlp.down_proj.weight: Got unsupported ScalarType BFloat16
error saving model.layers.5.input_layernorm.weight: Got unsupported ScalarType BFloat16
error saving model.layers.5.post_attention_layernorm.weight: Got unsupported ScalarType BFloat16
error saving model.layers.6.self_attn.q_proj.weight: Got unsupported ScalarType BFloat16
error saving model.layers.6.self_attn.k_proj.weight: Got unsupported ScalarType BFloat16
error saving model.layers.6.self_attn.v_proj.weight: Got unsupported ScalarType BFloat16
error saving model.layers.6.self_attn.o_proj.weight: Got unsupported ScalarType BFloat16
error saving model.layers.6.mlp.gate_proj.weight: Got unsupported ScalarType BFloat16
error saving model.layers.6.mlp.up_proj.weight: Got unsupported ScalarType BFloat16
error saving model.layers.6.mlp.down_proj.weight: Got unsupported ScalarType BFloat16
error saving model.layers.6.input_layernorm.weight: Got unsupported ScalarType BFloat16
error saving model.layers.6.post_attention_layernorm.weight: Got unsupported ScalarType BFloat16
error saving model.layers.7.self_attn.q_proj.weight: Got unsupported ScalarType BFloat16
error saving model.layers.7.self_attn.k_proj.weight: Got unsupported ScalarType BFloat16
error saving model.layers.7.self_attn.v_proj.weight: Got unsupported ScalarType BFloat16
error saving model.layers.7.self_attn.o_proj.weight: Got unsupported ScalarType BFloat16
error saving model.layers.7.mlp.gate_proj.weight: Got unsupported ScalarType BFloat16
error saving model.layers.7.mlp.up_proj.weight: Got unsupported ScalarType BFloat16
error saving model.layers.7.mlp.down_proj.weight: Got unsupported ScalarType BFloat16
error saving model.layers.7.input_layernorm.weight: Got unsupported ScalarType BFloat16
error saving model.layers.7.post_attention_layernorm.weight: Got unsupported ScalarType BFloat16
error saving model.layers.8.self_attn.q_proj.weight: Got unsupported ScalarType BFloat16
error saving model.layers.8.self_attn.k_proj.weight: Got unsupported ScalarType BFloat16
error saving model.layers.8.self_attn.v_proj.weight: Got unsupported ScalarType BFloat16
error saving model.layers.8.self_attn.o_proj.weight: Got unsupported ScalarType BFloat16
error saving model.layers.8.mlp.gate_proj.weight: Got unsupported ScalarType BFloat16
error saving model.layers.8.mlp.up_proj.weight: Got unsupported ScalarType BFloat16
error saving model.layers.8.mlp.down_proj.weight: Got unsupported ScalarType BFloat16
error saving model.layers.8.input_layernorm.weight: Got unsupported ScalarType BFloat16
error saving model.layers.8.post_attention_layernorm.weight: Got unsupported ScalarType BFloat16
error saving model.layers.9.self_attn.q_proj.weight: Got unsupported ScalarType BFloat16
error saving model.layers.9.self_attn.k_proj.weight: Got unsupported ScalarType BFloat16
error saving model.layers.9.self_attn.v_proj.weight: Got unsupported ScalarType BFloat16
error saving model.layers.9.self_attn.o_proj.weight: Got unsupported ScalarType BFloat16
error saving model.layers.9.mlp.gate_proj.weight: Got unsupported ScalarType BFloat16
error saving model.layers.9.mlp.up_proj.weight: Got unsupported ScalarType BFloat16
error saving model.layers.9.mlp.down_proj.weight: Got unsupported ScalarType BFloat16
error saving model.layers.9.input_layernorm.weight: Got unsupported ScalarType BFloat16
error saving model.layers.9.post_attention_layernorm.weight: Got unsupported ScalarType BFloat16
error saving model.layers.10.self_attn.q_proj.weight: Got unsupported ScalarType BFloat16
error saving model.layers.10.self_attn.k_proj.weight: Got unsupported ScalarType BFloat16
error saving model.layers.10.self_attn.v_proj.weight: Got unsupported ScalarType BFloat16
error saving model.layers.10.self_attn.o_proj.weight: Got unsupported ScalarType BFloat16
error saving model.layers.10.mlp.gate_proj.weight: Got unsupported ScalarType BFloat16
error saving model.layers.10.mlp.up_proj.weight: Got unsupported ScalarType BFloat16
error saving model.layers.10.mlp.down_proj.weight: Got unsupported ScalarType BFloat16
error saving model.layers.10.input_layernorm.weight: Got unsupported ScalarType BFloat16
error saving model.layers.10.post_attention_layernorm.weight: Got unsupported ScalarType BFloat16
error saving model.layers.11.self_attn.q_proj.weight: Got unsupported ScalarType BFloat16
error saving model.layers.11.self_attn.k_proj.weight: Got unsupported ScalarType BFloat16
error saving model.layers.11.self_attn.v_proj.weight: Got unsupported ScalarType BFloat16
error saving model.layers.11.self_attn.o_proj.weight: Got unsupported ScalarType BFloat16
error saving model.layers.11.mlp.gate_proj.weight: Got unsupported ScalarType BFloat16
error saving model.layers.11.mlp.up_proj.weight: Got unsupported ScalarType BFloat16
error saving model.layers.11.mlp.down_proj.weight: Got unsupported ScalarType BFloat16
error saving model.layers.11.input_layernorm.weight: Got unsupported ScalarType BFloat16
error saving model.layers.11.post_attention_layernorm.weight: Got unsupported ScalarType BFloat16
error saving model.layers.12.self_attn.q_proj.weight: Got unsupported ScalarType BFloat16
error saving model.layers.12.self_attn.k_proj.weight: Got unsupported ScalarType BFloat16
error saving model.layers.12.self_attn.v_proj.weight: Got unsupported ScalarType BFloat16
error saving model.layers.12.self_attn.o_proj.weight: Got unsupported ScalarType BFloat16
error saving model.layers.12.mlp.gate_proj.weight: Got unsupported ScalarType BFloat16
error saving model.layers.12.mlp.up_proj.weight: Got unsupported ScalarType BFloat16
error saving model.layers.12.mlp.down_proj.weight: Got unsupported ScalarType BFloat16
error saving model.layers.12.input_layernorm.weight: Got unsupported ScalarType BFloat16
error saving model.layers.12.post_attention_layernorm.weight: Got unsupported ScalarType BFloat16
error saving model.layers.13.self_attn.q_proj.weight: Got unsupported ScalarType BFloat16
error saving model.layers.13.self_attn.k_proj.weight: Got unsupported ScalarType BFloat16
error saving model.layers.13.self_attn.v_proj.weight: Got unsupported ScalarType BFloat16
error saving model.layers.13.self_attn.o_proj.weight: Got unsupported ScalarType BFloat16
error saving model.layers.13.mlp.gate_proj.weight: Got unsupported ScalarType BFloat16
error saving model.layers.13.mlp.up_proj.weight: Got unsupported ScalarType BFloat16
error saving model.layers.13.mlp.down_proj.weight: Got unsupported ScalarType BFloat16
error saving model.layers.13.input_layernorm.weight: Got unsupported ScalarType BFloat16
error saving model.layers.13.post_attention_layernorm.weight: Got unsupported ScalarType BFloat16
error saving model.layers.14.self_attn.q_proj.weight: Got unsupported ScalarType BFloat16
error saving model.layers.14.self_attn.k_proj.weight: Got unsupported ScalarType BFloat16
error saving model.layers.14.self_attn.v_proj.weight: Got unsupported ScalarType BFloat16
error saving model.layers.14.self_attn.o_proj.weight: Got unsupported ScalarType BFloat16
error saving model.layers.14.mlp.gate_proj.weight: Got unsupported ScalarType BFloat16
error saving model.layers.14.mlp.up_proj.weight: Got unsupported ScalarType BFloat16
error saving model.layers.14.mlp.down_proj.weight: Got unsupported ScalarType BFloat16
error saving model.layers.14.input_layernorm.weight: Got unsupported ScalarType BFloat16
error saving model.layers.14.post_attention_layernorm.weight: Got unsupported ScalarType BFloat16
error saving model.layers.15.self_attn.q_proj.weight: Got unsupported ScalarType BFloat16
error saving model.layers.15.self_attn.k_proj.weight: Got unsupported ScalarType BFloat16
error saving model.layers.15.self_attn.v_proj.weight: Got unsupported ScalarType BFloat16
error saving model.layers.15.self_attn.o_proj.weight: Got unsupported ScalarType BFloat16
error saving model.layers.15.mlp.gate_proj.weight: Got unsupported ScalarType BFloat16
error saving model.layers.15.mlp.up_proj.weight: Got unsupported ScalarType BFloat16
error saving model.layers.15.mlp.down_proj.weight: Got unsupported ScalarType BFloat16
error saving model.layers.15.input_layernorm.weight: Got unsupported ScalarType BFloat16
error saving model.layers.15.post_attention_layernorm.weight: Got unsupported ScalarType BFloat16
error saving model.layers.16.self_attn.q_proj.weight: Got unsupported ScalarType BFloat16
error saving model.layers.16.self_attn.k_proj.weight: Got unsupported ScalarType BFloat16
error saving model.layers.16.self_attn.v_proj.weight: Got unsupported ScalarType BFloat16
error saving model.layers.16.self_attn.o_proj.weight: Got unsupported ScalarType BFloat16
error saving model.layers.16.mlp.gate_proj.weight: Got unsupported ScalarType BFloat16
error saving model.layers.16.mlp.up_proj.weight: Got unsupported ScalarType BFloat16
error saving model.layers.16.mlp.down_proj.weight: Got unsupported ScalarType BFloat16
error saving model.layers.16.input_layernorm.weight: Got unsupported ScalarType BFloat16
error saving model.layers.16.post_attention_layernorm.weight: Got unsupported ScalarType BFloat16
error saving model.layers.17.self_attn.q_proj.weight: Got unsupported ScalarType BFloat16
error saving model.layers.17.self_attn.k_proj.weight: Got unsupported ScalarType BFloat16
error saving model.layers.17.self_attn.v_proj.weight: Got unsupported ScalarType BFloat16
error saving model.layers.17.self_attn.o_proj.weight: Got unsupported ScalarType BFloat16
error saving model.layers.17.mlp.gate_proj.weight: Got unsupported ScalarType BFloat16
error saving model.layers.17.mlp.up_proj.weight: Got unsupported ScalarType BFloat16
error saving model.layers.17.mlp.down_proj.weight: Got unsupported ScalarType BFloat16
error saving model.layers.17.input_layernorm.weight: Got unsupported ScalarType BFloat16
error saving model.layers.17.post_attention_layernorm.weight: Got unsupported ScalarType BFloat16
error saving model.layers.18.self_attn.q_proj.weight: Got unsupported ScalarType BFloat16
error saving model.layers.18.self_attn.k_proj.weight: Got unsupported ScalarType BFloat16
error saving model.layers.18.self_attn.v_proj.weight: Got unsupported ScalarType BFloat16
error saving model.layers.18.self_attn.o_proj.weight: Got unsupported ScalarType BFloat16
error saving model.layers.18.mlp.gate_proj.weight: Got unsupported ScalarType BFloat16
error saving model.layers.18.mlp.up_proj.weight: Got unsupported ScalarType BFloat16
error saving model.layers.18.mlp.down_proj.weight: Got unsupported ScalarType BFloat16
error saving model.layers.18.input_layernorm.weight: Got unsupported ScalarType BFloat16
error saving model.layers.18.post_attention_layernorm.weight: Got unsupported ScalarType BFloat16
error saving model.layers.19.self_attn.q_proj.weight: Got unsupported ScalarType BFloat16
error saving model.layers.19.self_attn.k_proj.weight: Got unsupported ScalarType BFloat16
error saving model.layers.19.self_attn.v_proj.weight: Got unsupported ScalarType BFloat16
error saving model.layers.19.self_attn.o_proj.weight: Got unsupported ScalarType BFloat16
error saving model.layers.19.mlp.gate_proj.weight: Got unsupported ScalarType BFloat16
error saving model.layers.19.mlp.up_proj.weight: Got unsupported ScalarType BFloat16
error saving model.layers.19.mlp.down_proj.weight: Got unsupported ScalarType BFloat16
error saving model.layers.19.input_layernorm.weight: Got unsupported ScalarType BFloat16
error saving model.layers.19.post_attention_layernorm.weight: Got unsupported ScalarType BFloat16
error saving model.layers.20.self_attn.q_proj.weight: Got unsupported ScalarType BFloat16
error saving model.layers.20.self_attn.k_proj.weight: Got unsupported ScalarType BFloat16
error saving model.layers.20.self_attn.v_proj.weight: Got unsupported ScalarType BFloat16
error saving model.layers.20.self_attn.o_proj.weight: Got unsupported ScalarType BFloat16
error saving model.layers.20.mlp.gate_proj.weight: Got unsupported ScalarType BFloat16
error saving model.layers.20.mlp.up_proj.weight: Got unsupported ScalarType BFloat16
error saving model.layers.20.mlp.down_proj.weight: Got unsupported ScalarType BFloat16
error saving model.layers.20.input_layernorm.weight: Got unsupported ScalarType BFloat16
error saving model.layers.20.post_attention_layernorm.weight: Got unsupported ScalarType BFloat16
error saving model.layers.21.self_attn.q_proj.weight: Got unsupported ScalarType BFloat16
error saving model.layers.21.self_attn.k_proj.weight: Got unsupported ScalarType BFloat16
error saving model.layers.21.self_attn.v_proj.weight: Got unsupported ScalarType BFloat16
error saving model.layers.21.self_attn.o_proj.weight: Got unsupported ScalarType BFloat16
error saving model.layers.21.mlp.gate_proj.weight: Got unsupported ScalarType BFloat16
error saving model.layers.21.mlp.up_proj.weight: Got unsupported ScalarType BFloat16
error saving model.layers.21.mlp.down_proj.weight: Got unsupported ScalarType BFloat16
error saving model.layers.21.input_layernorm.weight: Got unsupported ScalarType BFloat16
error saving model.layers.21.post_attention_layernorm.weight: Got unsupported ScalarType BFloat16
error saving model.layers.22.self_attn.q_proj.weight: Got unsupported ScalarType BFloat16
error saving model.layers.22.self_attn.k_proj.weight: Got unsupported ScalarType BFloat16
error saving model.layers.22.self_attn.v_proj.weight: Got unsupported ScalarType BFloat16
error saving model.layers.22.self_attn.o_proj.weight: Got unsupported ScalarType BFloat16
error saving model.layers.22.mlp.gate_proj.weight: Got unsupported ScalarType BFloat16
error saving model.layers.22.mlp.up_proj.weight: Got unsupported ScalarType BFloat16
error saving model.layers.22.mlp.down_proj.weight: Got unsupported ScalarType BFloat16
error saving model.layers.22.input_layernorm.weight: Got unsupported ScalarType BFloat16
error saving model.layers.22.post_attention_layernorm.weight: Got unsupported ScalarType BFloat16
error saving model.layers.23.self_attn.q_proj.weight: Got unsupported ScalarType BFloat16
error saving model.layers.23.self_attn.k_proj.weight: Got unsupported ScalarType BFloat16
error saving model.layers.23.self_attn.v_proj.weight: Got unsupported ScalarType BFloat16
error saving model.layers.23.self_attn.o_proj.weight: Got unsupported ScalarType BFloat16
error saving model.layers.23.mlp.gate_proj.weight: Got unsupported ScalarType BFloat16
error saving model.layers.23.mlp.up_proj.weight: Got unsupported ScalarType BFloat16
error saving model.layers.23.mlp.down_proj.weight: Got unsupported ScalarType BFloat16
error saving model.layers.23.input_layernorm.weight: Got unsupported ScalarType BFloat16
error saving model.layers.23.post_attention_layernorm.weight: Got unsupported ScalarType BFloat16
error saving model.layers.24.self_attn.q_proj.weight: Got unsupported ScalarType BFloat16
error saving model.layers.24.self_attn.k_proj.weight: Got unsupported ScalarType BFloat16
error saving model.layers.24.self_attn.v_proj.weight: Got unsupported ScalarType BFloat16
error saving model.layers.24.self_attn.o_proj.weight: Got unsupported ScalarType BFloat16
error saving model.layers.24.mlp.gate_proj.weight: Got unsupported ScalarType BFloat16
error saving model.layers.24.mlp.up_proj.weight: Got unsupported ScalarType BFloat16
error saving model.layers.24.mlp.down_proj.weight: Got unsupported ScalarType BFloat16
error saving model.layers.24.input_layernorm.weight: Got unsupported ScalarType BFloat16
error saving model.layers.24.post_attention_layernorm.weight: Got unsupported ScalarType BFloat16
error saving model.layers.25.self_attn.q_proj.weight: Got unsupported ScalarType BFloat16
error saving model.layers.25.self_attn.k_proj.weight: Got unsupported ScalarType BFloat16
error saving model.layers.25.self_attn.v_proj.weight: Got unsupported ScalarType BFloat16
error saving model.layers.25.self_attn.o_proj.weight: Got unsupported ScalarType BFloat16
error saving model.layers.25.mlp.gate_proj.weight: Got unsupported ScalarType BFloat16
error saving model.layers.25.mlp.up_proj.weight: Got unsupported ScalarType BFloat16
error saving model.layers.25.mlp.down_proj.weight: Got unsupported ScalarType BFloat16
error saving model.layers.25.input_layernorm.weight: Got unsupported ScalarType BFloat16
error saving model.layers.25.post_attention_layernorm.weight: Got unsupported ScalarType BFloat16
error saving model.layers.26.self_attn.q_proj.weight: Got unsupported ScalarType BFloat16
error saving model.layers.26.self_attn.k_proj.weight: Got unsupported ScalarType BFloat16
error saving model.layers.26.self_attn.v_proj.weight: Got unsupported ScalarType BFloat16
error saving model.layers.26.self_attn.o_proj.weight: Got unsupported ScalarType BFloat16
error saving model.layers.26.mlp.gate_proj.weight: Got unsupported ScalarType BFloat16
error saving model.layers.26.mlp.up_proj.weight: Got unsupported ScalarType BFloat16
error saving model.layers.26.mlp.down_proj.weight: Got unsupported ScalarType BFloat16
error saving model.layers.26.input_layernorm.weight: Got unsupported ScalarType BFloat16
error saving model.layers.26.post_attention_layernorm.weight: Got unsupported ScalarType BFloat16
error saving model.layers.27.self_attn.q_proj.weight: Got unsupported ScalarType BFloat16
error saving model.layers.27.self_attn.k_proj.weight: Got unsupported ScalarType BFloat16
error saving model.layers.27.self_attn.v_proj.weight: Got unsupported ScalarType BFloat16
error saving model.layers.27.self_attn.o_proj.weight: Got unsupported ScalarType BFloat16
error saving model.layers.27.mlp.gate_proj.weight: Got unsupported ScalarType BFloat16
error saving model.layers.27.mlp.up_proj.weight: Got unsupported ScalarType BFloat16
error saving model.layers.27.mlp.down_proj.weight: Got unsupported ScalarType BFloat16
error saving model.layers.27.input_layernorm.weight: Got unsupported ScalarType BFloat16
error saving model.layers.27.post_attention_layernorm.weight: Got unsupported ScalarType BFloat16
error saving model.norm.weight: Got unsupported ScalarType BFloat16
error saving lm_head.weight: Got unsupported ScalarType BFloat16
saving: 100%|██████████| 255/255 [00:00<00:00, 3413.55it/s]
✓ saved 0 parameters in 77.1 ms
✓ total size: 0.00 b

TENSORSTORE: loading
loading: 0it [00:00, ?it/s]loading: 0it [00:00, ?it/s]
✓ loaded 0 parameters in 1.6 ms

======================================================================
TENSORSTORE RESULTS
======================================================================
save time: 77.1 ms
load time: 1.6 ms
file size: 0.00 b
parameters: 0

======================================================================
GENERATING PLOTS
======================================================================
✓ plot saved: /mnt/common/zchowdhury1/tensorstore/llama-work/cluster/results/20251204_063850_sweep_chunk_Llama-3.2-3B-Instruct/chunk1_Llama-3.2-3B-Instruct/plots/comparison.png

======================================================================
SWEEP RUN COMPLETE
======================================================================

results: /mnt/common/zchowdhury1/tensorstore/llama-work/cluster/results/20251204_063850_sweep_chunk_Llama-3.2-3B-Instruct/chunk1_Llama-3.2-3B-Instruct/all_phases_results.json
plots: /mnt/common/zchowdhury1/tensorstore/llama-work/cluster/results/20251204_063850_sweep_chunk_Llama-3.2-3B-Instruct/chunk1_Llama-3.2-3B-Instruct/plots
checkpoints: /mnt/common/zchowdhury1/tensorstore/llama-work/cluster/saved_models/20251204_063850_sweep_chunk_Llama-3.2-3B-Instruct/chunk1_Llama-3.2-3B-Instruct

======================================================================

==========================================
running with chunk = 4
==========================================
✓ detected model default dtype: bfloat16 (torch_dtype='bfloat16' from config.json)

auto-detected dtype: bfloat16
======================================================================
TENSORSTORE SWEEP: meta-llama/Llama-3.2-3B-Instruct
model type: llama
run id: 20251204_063850_sweep_chunk_Llama-3.2-3B-Instruct/chunk4_Llama-3.2-3B-Instruct
dtype: bfloat16
chunk size: 4 MB
concurrency: default (tensorstore)
clear cache: False
======================================================================

model checkpoints directory: /mnt/common/zchowdhury1/tensorstore/llama-work/cluster/saved_models/20251204_063850_sweep_chunk_Llama-3.2-3B-Instruct/chunk4_Llama-3.2-3B-Instruct
results directory: /mnt/common/zchowdhury1/tensorstore/llama-work/cluster/results/20251204_063850_sweep_chunk_Llama-3.2-3B-Instruct/chunk4_Llama-3.2-3B-Instruct

loading model: meta-llama/Llama-3.2-3B-Instruct
device: cpu
Loading checkpoint shards:   0%|          | 0/2 [00:00<?, ?it/s]Loading checkpoint shards:  50%|█████     | 1/2 [00:00<00:00,  4.85it/s]Loading checkpoint shards: 100%|██████████| 2/2 [00:00<00:00,  7.08it/s]
✓ model loaded: 3212.7m parameters

======================================================================
PHASE 2: TENSORSTORE (BASIC)
======================================================================

======================================================================
TENSORSTORE: saving
======================================================================
saving:   0%|          | 0/255 [00:00<?, ?it/s]error saving model.embed_tokens.weight: Got unsupported ScalarType BFloat16
error saving model.layers.0.self_attn.q_proj.weight: Got unsupported ScalarType BFloat16
error saving model.layers.0.self_attn.k_proj.weight: Got unsupported ScalarType BFloat16
error saving model.layers.0.self_attn.v_proj.weight: Got unsupported ScalarType BFloat16
error saving model.layers.0.self_attn.o_proj.weight: Got unsupported ScalarType BFloat16
error saving model.layers.0.mlp.gate_proj.weight: Got unsupported ScalarType BFloat16
error saving model.layers.0.mlp.up_proj.weight: Got unsupported ScalarType BFloat16
error saving model.layers.0.mlp.down_proj.weight: Got unsupported ScalarType BFloat16
error saving model.layers.0.input_layernorm.weight: Got unsupported ScalarType BFloat16
error saving model.layers.0.post_attention_layernorm.weight: Got unsupported ScalarType BFloat16
error saving model.layers.1.self_attn.q_proj.weight: Got unsupported ScalarType BFloat16
error saving model.layers.1.self_attn.k_proj.weight: Got unsupported ScalarType BFloat16
error saving model.layers.1.self_attn.v_proj.weight: Got unsupported ScalarType BFloat16
error saving model.layers.1.self_attn.o_proj.weight: Got unsupported ScalarType BFloat16
error saving model.layers.1.mlp.gate_proj.weight: Got unsupported ScalarType BFloat16
error saving model.layers.1.mlp.up_proj.weight: Got unsupported ScalarType BFloat16
error saving model.layers.1.mlp.down_proj.weight: Got unsupported ScalarType BFloat16
error saving model.layers.1.input_layernorm.weight: Got unsupported ScalarType BFloat16
error saving model.layers.1.post_attention_layernorm.weight: Got unsupported ScalarType BFloat16
error saving model.layers.2.self_attn.q_proj.weight: Got unsupported ScalarType BFloat16
error saving model.layers.2.self_attn.k_proj.weight: Got unsupported ScalarType BFloat16
error saving model.layers.2.self_attn.v_proj.weight: Got unsupported ScalarType BFloat16
error saving model.layers.2.self_attn.o_proj.weight: Got unsupported ScalarType BFloat16
error saving model.layers.2.mlp.gate_proj.weight: Got unsupported ScalarType BFloat16
error saving model.layers.2.mlp.up_proj.weight: Got unsupported ScalarType BFloat16
error saving model.layers.2.mlp.down_proj.weight: Got unsupported ScalarType BFloat16
error saving model.layers.2.input_layernorm.weight: Got unsupported ScalarType BFloat16
error saving model.layers.2.post_attention_layernorm.weight: Got unsupported ScalarType BFloat16
error saving model.layers.3.self_attn.q_proj.weight: Got unsupported ScalarType BFloat16
error saving model.layers.3.self_attn.k_proj.weight: Got unsupported ScalarType BFloat16
error saving model.layers.3.self_attn.v_proj.weight: Got unsupported ScalarType BFloat16
error saving model.layers.3.self_attn.o_proj.weight: Got unsupported ScalarType BFloat16
error saving model.layers.3.mlp.gate_proj.weight: Got unsupported ScalarType BFloat16
error saving model.layers.3.mlp.up_proj.weight: Got unsupported ScalarType BFloat16
error saving model.layers.3.mlp.down_proj.weight: Got unsupported ScalarType BFloat16
error saving model.layers.3.input_layernorm.weight: Got unsupported ScalarType BFloat16
error saving model.layers.3.post_attention_layernorm.weight: Got unsupported ScalarType BFloat16
error saving model.layers.4.self_attn.q_proj.weight: Got unsupported ScalarType BFloat16
error saving model.layers.4.self_attn.k_proj.weight: Got unsupported ScalarType BFloat16
error saving model.layers.4.self_attn.v_proj.weight: Got unsupported ScalarType BFloat16
error saving model.layers.4.self_attn.o_proj.weight: Got unsupported ScalarType BFloat16
error saving model.layers.4.mlp.gate_proj.weight: Got unsupported ScalarType BFloat16
error saving model.layers.4.mlp.up_proj.weight: Got unsupported ScalarType BFloat16
error saving model.layers.4.mlp.down_proj.weight: Got unsupported ScalarType BFloat16
error saving model.layers.4.input_layernorm.weight: Got unsupported ScalarType BFloat16
error saving model.layers.4.post_attention_layernorm.weight: Got unsupported ScalarType BFloat16
error saving model.layers.5.self_attn.q_proj.weight: Got unsupported ScalarType BFloat16
error saving model.layers.5.self_attn.k_proj.weight: Got unsupported ScalarType BFloat16
error saving model.layers.5.self_attn.v_proj.weight: Got unsupported ScalarType BFloat16
error saving model.layers.5.self_attn.o_proj.weight: Got unsupported ScalarType BFloat16
error saving model.layers.5.mlp.gate_proj.weight: Got unsupported ScalarType BFloat16
error saving model.layers.5.mlp.up_proj.weight: Got unsupported ScalarType BFloat16
error saving model.layers.5.mlp.down_proj.weight: Got unsupported ScalarType BFloat16
error saving model.layers.5.input_layernorm.weight: Got unsupported ScalarType BFloat16
error saving model.layers.5.post_attention_layernorm.weight: Got unsupported ScalarType BFloat16
error saving model.layers.6.self_attn.q_proj.weight: Got unsupported ScalarType BFloat16
error saving model.layers.6.self_attn.k_proj.weight: Got unsupported ScalarType BFloat16
error saving model.layers.6.self_attn.v_proj.weight: Got unsupported ScalarType BFloat16
error saving model.layers.6.self_attn.o_proj.weight: Got unsupported ScalarType BFloat16
error saving model.layers.6.mlp.gate_proj.weight: Got unsupported ScalarType BFloat16
error saving model.layers.6.mlp.up_proj.weight: Got unsupported ScalarType BFloat16
error saving model.layers.6.mlp.down_proj.weight: Got unsupported ScalarType BFloat16
error saving model.layers.6.input_layernorm.weight: Got unsupported ScalarType BFloat16
error saving model.layers.6.post_attention_layernorm.weight: Got unsupported ScalarType BFloat16
error saving model.layers.7.self_attn.q_proj.weight: Got unsupported ScalarType BFloat16
error saving model.layers.7.self_attn.k_proj.weight: Got unsupported ScalarType BFloat16
error saving model.layers.7.self_attn.v_proj.weight: Got unsupported ScalarType BFloat16
error saving model.layers.7.self_attn.o_proj.weight: Got unsupported ScalarType BFloat16
error saving model.layers.7.mlp.gate_proj.weight: Got unsupported ScalarType BFloat16
error saving model.layers.7.mlp.up_proj.weight: Got unsupported ScalarType BFloat16
error saving model.layers.7.mlp.down_proj.weight: Got unsupported ScalarType BFloat16
error saving model.layers.7.input_layernorm.weight: Got unsupported ScalarType BFloat16
error saving model.layers.7.post_attention_layernorm.weight: Got unsupported ScalarType BFloat16
error saving model.layers.8.self_attn.q_proj.weight: Got unsupported ScalarType BFloat16
error saving model.layers.8.self_attn.k_proj.weight: Got unsupported ScalarType BFloat16
error saving model.layers.8.self_attn.v_proj.weight: Got unsupported ScalarType BFloat16
error saving model.layers.8.self_attn.o_proj.weight: Got unsupported ScalarType BFloat16
error saving model.layers.8.mlp.gate_proj.weight: Got unsupported ScalarType BFloat16
error saving model.layers.8.mlp.up_proj.weight: Got unsupported ScalarType BFloat16
error saving model.layers.8.mlp.down_proj.weight: Got unsupported ScalarType BFloat16
error saving model.layers.8.input_layernorm.weight: Got unsupported ScalarType BFloat16
error saving model.layers.8.post_attention_layernorm.weight: Got unsupported ScalarType BFloat16
error saving model.layers.9.self_attn.q_proj.weight: Got unsupported ScalarType BFloat16
error saving model.layers.9.self_attn.k_proj.weight: Got unsupported ScalarType BFloat16
error saving model.layers.9.self_attn.v_proj.weight: Got unsupported ScalarType BFloat16
error saving model.layers.9.self_attn.o_proj.weight: Got unsupported ScalarType BFloat16
error saving model.layers.9.mlp.gate_proj.weight: Got unsupported ScalarType BFloat16
error saving model.layers.9.mlp.up_proj.weight: Got unsupported ScalarType BFloat16
error saving model.layers.9.mlp.down_proj.weight: Got unsupported ScalarType BFloat16
error saving model.layers.9.input_layernorm.weight: Got unsupported ScalarType BFloat16
error saving model.layers.9.post_attention_layernorm.weight: Got unsupported ScalarType BFloat16
error saving model.layers.10.self_attn.q_proj.weight: Got unsupported ScalarType BFloat16
error saving model.layers.10.self_attn.k_proj.weight: Got unsupported ScalarType BFloat16
error saving model.layers.10.self_attn.v_proj.weight: Got unsupported ScalarType BFloat16
error saving model.layers.10.self_attn.o_proj.weight: Got unsupported ScalarType BFloat16
error saving model.layers.10.mlp.gate_proj.weight: Got unsupported ScalarType BFloat16
error saving model.layers.10.mlp.up_proj.weight: Got unsupported ScalarType BFloat16
error saving model.layers.10.mlp.down_proj.weight: Got unsupported ScalarType BFloat16
error saving model.layers.10.input_layernorm.weight: Got unsupported ScalarType BFloat16
error saving model.layers.10.post_attention_layernorm.weight: Got unsupported ScalarType BFloat16
error saving model.layers.11.self_attn.q_proj.weight: Got unsupported ScalarType BFloat16
error saving model.layers.11.self_attn.k_proj.weight: Got unsupported ScalarType BFloat16
error saving model.layers.11.self_attn.v_proj.weight: Got unsupported ScalarType BFloat16
error saving model.layers.11.self_attn.o_proj.weight: Got unsupported ScalarType BFloat16
error saving model.layers.11.mlp.gate_proj.weight: Got unsupported ScalarType BFloat16
error saving model.layers.11.mlp.up_proj.weight: Got unsupported ScalarType BFloat16
error saving model.layers.11.mlp.down_proj.weight: Got unsupported ScalarType BFloat16
error saving model.layers.11.input_layernorm.weight: Got unsupported ScalarType BFloat16
error saving model.layers.11.post_attention_layernorm.weight: Got unsupported ScalarType BFloat16
error saving model.layers.12.self_attn.q_proj.weight: Got unsupported ScalarType BFloat16
error saving model.layers.12.self_attn.k_proj.weight: Got unsupported ScalarType BFloat16
error saving model.layers.12.self_attn.v_proj.weight: Got unsupported ScalarType BFloat16
error saving model.layers.12.self_attn.o_proj.weight: Got unsupported ScalarType BFloat16
error saving model.layers.12.mlp.gate_proj.weight: Got unsupported ScalarType BFloat16
error saving model.layers.12.mlp.up_proj.weight: Got unsupported ScalarType BFloat16
error saving model.layers.12.mlp.down_proj.weight: Got unsupported ScalarType BFloat16
error saving model.layers.12.input_layernorm.weight: Got unsupported ScalarType BFloat16
error saving model.layers.12.post_attention_layernorm.weight: Got unsupported ScalarType BFloat16
error saving model.layers.13.self_attn.q_proj.weight: Got unsupported ScalarType BFloat16
error saving model.layers.13.self_attn.k_proj.weight: Got unsupported ScalarType BFloat16
error saving model.layers.13.self_attn.v_proj.weight: Got unsupported ScalarType BFloat16
error saving model.layers.13.self_attn.o_proj.weight: Got unsupported ScalarType BFloat16
error saving model.layers.13.mlp.gate_proj.weight: Got unsupported ScalarType BFloat16
error saving model.layers.13.mlp.up_proj.weight: Got unsupported ScalarType BFloat16
error saving model.layers.13.mlp.down_proj.weight: Got unsupported ScalarType BFloat16
error saving model.layers.13.input_layernorm.weight: Got unsupported ScalarType BFloat16
error saving model.layers.13.post_attention_layernorm.weight: Got unsupported ScalarType BFloat16
error saving model.layers.14.self_attn.q_proj.weight: Got unsupported ScalarType BFloat16
error saving model.layers.14.self_attn.k_proj.weight: Got unsupported ScalarType BFloat16
error saving model.layers.14.self_attn.v_proj.weight: Got unsupported ScalarType BFloat16
error saving model.layers.14.self_attn.o_proj.weight: Got unsupported ScalarType BFloat16
error saving model.layers.14.mlp.gate_proj.weight: Got unsupported ScalarType BFloat16
error saving model.layers.14.mlp.up_proj.weight: Got unsupported ScalarType BFloat16
error saving model.layers.14.mlp.down_proj.weight: Got unsupported ScalarType BFloat16
error saving model.layers.14.input_layernorm.weight: Got unsupported ScalarType BFloat16
error saving model.layers.14.post_attention_layernorm.weight: Got unsupported ScalarType BFloat16
error saving model.layers.15.self_attn.q_proj.weight: Got unsupported ScalarType BFloat16
error saving model.layers.15.self_attn.k_proj.weight: Got unsupported ScalarType BFloat16
error saving model.layers.15.self_attn.v_proj.weight: Got unsupported ScalarType BFloat16
error saving model.layers.15.self_attn.o_proj.weight: Got unsupported ScalarType BFloat16
error saving model.layers.15.mlp.gate_proj.weight: Got unsupported ScalarType BFloat16
error saving model.layers.15.mlp.up_proj.weight: Got unsupported ScalarType BFloat16
error saving model.layers.15.mlp.down_proj.weight: Got unsupported ScalarType BFloat16
error saving model.layers.15.input_layernorm.weight: Got unsupported ScalarType BFloat16
error saving model.layers.15.post_attention_layernorm.weight: Got unsupported ScalarType BFloat16
error saving model.layers.16.self_attn.q_proj.weight: Got unsupported ScalarType BFloat16
error saving model.layers.16.self_attn.k_proj.weight: Got unsupported ScalarType BFloat16
error saving model.layers.16.self_attn.v_proj.weight: Got unsupported ScalarType BFloat16
error saving model.layers.16.self_attn.o_proj.weight: Got unsupported ScalarType BFloat16
error saving model.layers.16.mlp.gate_proj.weight: Got unsupported ScalarType BFloat16
error saving model.layers.16.mlp.up_proj.weight: Got unsupported ScalarType BFloat16
error saving model.layers.16.mlp.down_proj.weight: Got unsupported ScalarType BFloat16
error saving model.layers.16.input_layernorm.weight: Got unsupported ScalarType BFloat16
error saving model.layers.16.post_attention_layernorm.weight: Got unsupported ScalarType BFloat16
error saving model.layers.17.self_attn.q_proj.weight: Got unsupported ScalarType BFloat16
error saving model.layers.17.self_attn.k_proj.weight: Got unsupported ScalarType BFloat16
error saving model.layers.17.self_attn.v_proj.weight: Got unsupported ScalarType BFloat16
error saving model.layers.17.self_attn.o_proj.weight: Got unsupported ScalarType BFloat16
error saving model.layers.17.mlp.gate_proj.weight: Got unsupported ScalarType BFloat16
error saving model.layers.17.mlp.up_proj.weight: Got unsupported ScalarType BFloat16
error saving model.layers.17.mlp.down_proj.weight: Got unsupported ScalarType BFloat16
error saving model.layers.17.input_layernorm.weight: Got unsupported ScalarType BFloat16
error saving model.layers.17.post_attention_layernorm.weight: Got unsupported ScalarType BFloat16
error saving model.layers.18.self_attn.q_proj.weight: Got unsupported ScalarType BFloat16
error saving model.layers.18.self_attn.k_proj.weight: Got unsupported ScalarType BFloat16
error saving model.layers.18.self_attn.v_proj.weight: Got unsupported ScalarType BFloat16
error saving model.layers.18.self_attn.o_proj.weight: Got unsupported ScalarType BFloat16
error saving model.layers.18.mlp.gate_proj.weight: Got unsupported ScalarType BFloat16
error saving model.layers.18.mlp.up_proj.weight: Got unsupported ScalarType BFloat16
error saving model.layers.18.mlp.down_proj.weight: Got unsupported ScalarType BFloat16
error saving model.layers.18.input_layernorm.weight: Got unsupported ScalarType BFloat16
error saving model.layers.18.post_attention_layernorm.weight: Got unsupported ScalarType BFloat16
error saving model.layers.19.self_attn.q_proj.weight: Got unsupported ScalarType BFloat16
error saving model.layers.19.self_attn.k_proj.weight: Got unsupported ScalarType BFloat16
error saving model.layers.19.self_attn.v_proj.weight: Got unsupported ScalarType BFloat16
error saving model.layers.19.self_attn.o_proj.weight: Got unsupported ScalarType BFloat16
error saving model.layers.19.mlp.gate_proj.weight: Got unsupported ScalarType BFloat16
error saving model.layers.19.mlp.up_proj.weight: Got unsupported ScalarType BFloat16
error saving model.layers.19.mlp.down_proj.weight: Got unsupported ScalarType BFloat16
error saving model.layers.19.input_layernorm.weight: Got unsupported ScalarType BFloat16
error saving model.layers.19.post_attention_layernorm.weight: Got unsupported ScalarType BFloat16
error saving model.layers.20.self_attn.q_proj.weight: Got unsupported ScalarType BFloat16
error saving model.layers.20.self_attn.k_proj.weight: Got unsupported ScalarType BFloat16
error saving model.layers.20.self_attn.v_proj.weight: Got unsupported ScalarType BFloat16
error saving model.layers.20.self_attn.o_proj.weight: Got unsupported ScalarType BFloat16
error saving model.layers.20.mlp.gate_proj.weight: Got unsupported ScalarType BFloat16
error saving model.layers.20.mlp.up_proj.weight: Got unsupported ScalarType BFloat16
error saving model.layers.20.mlp.down_proj.weight: Got unsupported ScalarType BFloat16
error saving model.layers.20.input_layernorm.weight: Got unsupported ScalarType BFloat16
error saving model.layers.20.post_attention_layernorm.weight: Got unsupported ScalarType BFloat16
error saving model.layers.21.self_attn.q_proj.weight: Got unsupported ScalarType BFloat16
error saving model.layers.21.self_attn.k_proj.weight: Got unsupported ScalarType BFloat16
error saving model.layers.21.self_attn.v_proj.weight: Got unsupported ScalarType BFloat16
error saving model.layers.21.self_attn.o_proj.weight: Got unsupported ScalarType BFloat16
error saving model.layers.21.mlp.gate_proj.weight: Got unsupported ScalarType BFloat16
error saving model.layers.21.mlp.up_proj.weight: Got unsupported ScalarType BFloat16
error saving model.layers.21.mlp.down_proj.weight: Got unsupported ScalarType BFloat16
error saving model.layers.21.input_layernorm.weight: Got unsupported ScalarType BFloat16
error saving model.layers.21.post_attention_layernorm.weight: Got unsupported ScalarType BFloat16
error saving model.layers.22.self_attn.q_proj.weight: Got unsupported ScalarType BFloat16
error saving model.layers.22.self_attn.k_proj.weight: Got unsupported ScalarType BFloat16
error saving model.layers.22.self_attn.v_proj.weight: Got unsupported ScalarType BFloat16
error saving model.layers.22.self_attn.o_proj.weight: Got unsupported ScalarType BFloat16
error saving model.layers.22.mlp.gate_proj.weight: Got unsupported ScalarType BFloat16
error saving model.layers.22.mlp.up_proj.weight: Got unsupported ScalarType BFloat16
error saving model.layers.22.mlp.down_proj.weight: Got unsupported ScalarType BFloat16
error saving model.layers.22.input_layernorm.weight: Got unsupported ScalarType BFloat16
error saving model.layers.22.post_attention_layernorm.weight: Got unsupported ScalarType BFloat16
error saving model.layers.23.self_attn.q_proj.weight: Got unsupported ScalarType BFloat16
error saving model.layers.23.self_attn.k_proj.weight: Got unsupported ScalarType BFloat16
error saving model.layers.23.self_attn.v_proj.weight: Got unsupported ScalarType BFloat16
error saving model.layers.23.self_attn.o_proj.weight: Got unsupported ScalarType BFloat16
error saving model.layers.23.mlp.gate_proj.weight: Got unsupported ScalarType BFloat16
error saving model.layers.23.mlp.up_proj.weight: Got unsupported ScalarType BFloat16
error saving model.layers.23.mlp.down_proj.weight: Got unsupported ScalarType BFloat16
error saving model.layers.23.input_layernorm.weight: Got unsupported ScalarType BFloat16
error saving model.layers.23.post_attention_layernorm.weight: Got unsupported ScalarType BFloat16
error saving model.layers.24.self_attn.q_proj.weight: Got unsupported ScalarType BFloat16
error saving model.layers.24.self_attn.k_proj.weight: Got unsupported ScalarType BFloat16
error saving model.layers.24.self_attn.v_proj.weight: Got unsupported ScalarType BFloat16
error saving model.layers.24.self_attn.o_proj.weight: Got unsupported ScalarType BFloat16
error saving model.layers.24.mlp.gate_proj.weight: Got unsupported ScalarType BFloat16
error saving model.layers.24.mlp.up_proj.weight: Got unsupported ScalarType BFloat16
error saving model.layers.24.mlp.down_proj.weight: Got unsupported ScalarType BFloat16
error saving model.layers.24.input_layernorm.weight: Got unsupported ScalarType BFloat16
error saving model.layers.24.post_attention_layernorm.weight: Got unsupported ScalarType BFloat16
error saving model.layers.25.self_attn.q_proj.weight: Got unsupported ScalarType BFloat16
error saving model.layers.25.self_attn.k_proj.weight: Got unsupported ScalarType BFloat16
error saving model.layers.25.self_attn.v_proj.weight: Got unsupported ScalarType BFloat16
error saving model.layers.25.self_attn.o_proj.weight: Got unsupported ScalarType BFloat16
error saving model.layers.25.mlp.gate_proj.weight: Got unsupported ScalarType BFloat16
error saving model.layers.25.mlp.up_proj.weight: Got unsupported ScalarType BFloat16
error saving model.layers.25.mlp.down_proj.weight: Got unsupported ScalarType BFloat16
error saving model.layers.25.input_layernorm.weight: Got unsupported ScalarType BFloat16
error saving model.layers.25.post_attention_layernorm.weight: Got unsupported ScalarType BFloat16
error saving model.layers.26.self_attn.q_proj.weight: Got unsupported ScalarType BFloat16
error saving model.layers.26.self_attn.k_proj.weight: Got unsupported ScalarType BFloat16
error saving model.layers.26.self_attn.v_proj.weight: Got unsupported ScalarType BFloat16
error saving model.layers.26.self_attn.o_proj.weight: Got unsupported ScalarType BFloat16
error saving model.layers.26.mlp.gate_proj.weight: Got unsupported ScalarType BFloat16
error saving model.layers.26.mlp.up_proj.weight: Got unsupported ScalarType BFloat16
error saving model.layers.26.mlp.down_proj.weight: Got unsupported ScalarType BFloat16
error saving model.layers.26.input_layernorm.weight: Got unsupported ScalarType BFloat16
error saving model.layers.26.post_attention_layernorm.weight: Got unsupported ScalarType BFloat16
error saving model.layers.27.self_attn.q_proj.weight: Got unsupported ScalarType BFloat16
error saving model.layers.27.self_attn.k_proj.weight: Got unsupported ScalarType BFloat16
error saving model.layers.27.self_attn.v_proj.weight: Got unsupported ScalarType BFloat16
error saving model.layers.27.self_attn.o_proj.weight: Got unsupported ScalarType BFloat16
error saving model.layers.27.mlp.gate_proj.weight: Got unsupported ScalarType BFloat16
error saving model.layers.27.mlp.up_proj.weight: Got unsupported ScalarType BFloat16
error saving model.layers.27.mlp.down_proj.weight: Got unsupported ScalarType BFloat16
error saving model.layers.27.input_layernorm.weight: Got unsupported ScalarType BFloat16
error saving model.layers.27.post_attention_layernorm.weight: Got unsupported ScalarType BFloat16
error saving model.norm.weight: Got unsupported ScalarType BFloat16
error saving lm_head.weight: Got unsupported ScalarType BFloat16
saving: 100%|██████████| 255/255 [00:00<00:00, 3604.47it/s]
✓ saved 0 parameters in 73.1 ms
✓ total size: 0.00 b

TENSORSTORE: loading
loading: 0it [00:00, ?it/s]loading: 0it [00:00, ?it/s]
✓ loaded 0 parameters in 1.5 ms

======================================================================
TENSORSTORE RESULTS
======================================================================
save time: 73.1 ms
load time: 1.5 ms
file size: 0.00 b
parameters: 0

======================================================================
GENERATING PLOTS
======================================================================
✓ plot saved: /mnt/common/zchowdhury1/tensorstore/llama-work/cluster/results/20251204_063850_sweep_chunk_Llama-3.2-3B-Instruct/chunk4_Llama-3.2-3B-Instruct/plots/comparison.png

======================================================================
SWEEP RUN COMPLETE
======================================================================

results: /mnt/common/zchowdhury1/tensorstore/llama-work/cluster/results/20251204_063850_sweep_chunk_Llama-3.2-3B-Instruct/chunk4_Llama-3.2-3B-Instruct/all_phases_results.json
plots: /mnt/common/zchowdhury1/tensorstore/llama-work/cluster/results/20251204_063850_sweep_chunk_Llama-3.2-3B-Instruct/chunk4_Llama-3.2-3B-Instruct/plots
checkpoints: /mnt/common/zchowdhury1/tensorstore/llama-work/cluster/saved_models/20251204_063850_sweep_chunk_Llama-3.2-3B-Instruct/chunk4_Llama-3.2-3B-Instruct

======================================================================

==========================================
running with chunk = 16
==========================================
✓ detected model default dtype: bfloat16 (torch_dtype='bfloat16' from config.json)

auto-detected dtype: bfloat16
======================================================================
TENSORSTORE SWEEP: meta-llama/Llama-3.2-3B-Instruct
model type: llama
run id: 20251204_063850_sweep_chunk_Llama-3.2-3B-Instruct/chunk16_Llama-3.2-3B-Instruct
dtype: bfloat16
chunk size: 16 MB
concurrency: default (tensorstore)
clear cache: False
======================================================================

model checkpoints directory: /mnt/common/zchowdhury1/tensorstore/llama-work/cluster/saved_models/20251204_063850_sweep_chunk_Llama-3.2-3B-Instruct/chunk16_Llama-3.2-3B-Instruct
results directory: /mnt/common/zchowdhury1/tensorstore/llama-work/cluster/results/20251204_063850_sweep_chunk_Llama-3.2-3B-Instruct/chunk16_Llama-3.2-3B-Instruct

loading model: meta-llama/Llama-3.2-3B-Instruct
device: cpu
Loading checkpoint shards:   0%|          | 0/2 [00:00<?, ?it/s]Loading checkpoint shards:  50%|█████     | 1/2 [00:00<00:00,  4.82it/s]Loading checkpoint shards: 100%|██████████| 2/2 [00:00<00:00,  7.04it/s]
✓ model loaded: 3212.7m parameters

======================================================================
PHASE 2: TENSORSTORE (BASIC)
======================================================================

======================================================================
TENSORSTORE: saving
======================================================================
saving:   0%|          | 0/255 [00:00<?, ?it/s]error saving model.embed_tokens.weight: Got unsupported ScalarType BFloat16
error saving model.layers.0.self_attn.q_proj.weight: Got unsupported ScalarType BFloat16
error saving model.layers.0.self_attn.k_proj.weight: Got unsupported ScalarType BFloat16
error saving model.layers.0.self_attn.v_proj.weight: Got unsupported ScalarType BFloat16
error saving model.layers.0.self_attn.o_proj.weight: Got unsupported ScalarType BFloat16
error saving model.layers.0.mlp.gate_proj.weight: Got unsupported ScalarType BFloat16
error saving model.layers.0.mlp.up_proj.weight: Got unsupported ScalarType BFloat16
error saving model.layers.0.mlp.down_proj.weight: Got unsupported ScalarType BFloat16
error saving model.layers.0.input_layernorm.weight: Got unsupported ScalarType BFloat16
error saving model.layers.0.post_attention_layernorm.weight: Got unsupported ScalarType BFloat16
error saving model.layers.1.self_attn.q_proj.weight: Got unsupported ScalarType BFloat16
error saving model.layers.1.self_attn.k_proj.weight: Got unsupported ScalarType BFloat16
error saving model.layers.1.self_attn.v_proj.weight: Got unsupported ScalarType BFloat16
error saving model.layers.1.self_attn.o_proj.weight: Got unsupported ScalarType BFloat16
error saving model.layers.1.mlp.gate_proj.weight: Got unsupported ScalarType BFloat16
error saving model.layers.1.mlp.up_proj.weight: Got unsupported ScalarType BFloat16
error saving model.layers.1.mlp.down_proj.weight: Got unsupported ScalarType BFloat16
error saving model.layers.1.input_layernorm.weight: Got unsupported ScalarType BFloat16
error saving model.layers.1.post_attention_layernorm.weight: Got unsupported ScalarType BFloat16
error saving model.layers.2.self_attn.q_proj.weight: Got unsupported ScalarType BFloat16
error saving model.layers.2.self_attn.k_proj.weight: Got unsupported ScalarType BFloat16
error saving model.layers.2.self_attn.v_proj.weight: Got unsupported ScalarType BFloat16
error saving model.layers.2.self_attn.o_proj.weight: Got unsupported ScalarType BFloat16
error saving model.layers.2.mlp.gate_proj.weight: Got unsupported ScalarType BFloat16
error saving model.layers.2.mlp.up_proj.weight: Got unsupported ScalarType BFloat16
error saving model.layers.2.mlp.down_proj.weight: Got unsupported ScalarType BFloat16
error saving model.layers.2.input_layernorm.weight: Got unsupported ScalarType BFloat16
error saving model.layers.2.post_attention_layernorm.weight: Got unsupported ScalarType BFloat16
error saving model.layers.3.self_attn.q_proj.weight: Got unsupported ScalarType BFloat16
error saving model.layers.3.self_attn.k_proj.weight: Got unsupported ScalarType BFloat16
error saving model.layers.3.self_attn.v_proj.weight: Got unsupported ScalarType BFloat16
error saving model.layers.3.self_attn.o_proj.weight: Got unsupported ScalarType BFloat16
error saving model.layers.3.mlp.gate_proj.weight: Got unsupported ScalarType BFloat16
error saving model.layers.3.mlp.up_proj.weight: Got unsupported ScalarType BFloat16
error saving model.layers.3.mlp.down_proj.weight: Got unsupported ScalarType BFloat16
error saving model.layers.3.input_layernorm.weight: Got unsupported ScalarType BFloat16
error saving model.layers.3.post_attention_layernorm.weight: Got unsupported ScalarType BFloat16
error saving model.layers.4.self_attn.q_proj.weight: Got unsupported ScalarType BFloat16
error saving model.layers.4.self_attn.k_proj.weight: Got unsupported ScalarType BFloat16
error saving model.layers.4.self_attn.v_proj.weight: Got unsupported ScalarType BFloat16
error saving model.layers.4.self_attn.o_proj.weight: Got unsupported ScalarType BFloat16
error saving model.layers.4.mlp.gate_proj.weight: Got unsupported ScalarType BFloat16
error saving model.layers.4.mlp.up_proj.weight: Got unsupported ScalarType BFloat16
error saving model.layers.4.mlp.down_proj.weight: Got unsupported ScalarType BFloat16
error saving model.layers.4.input_layernorm.weight: Got unsupported ScalarType BFloat16
error saving model.layers.4.post_attention_layernorm.weight: Got unsupported ScalarType BFloat16
error saving model.layers.5.self_attn.q_proj.weight: Got unsupported ScalarType BFloat16
error saving model.layers.5.self_attn.k_proj.weight: Got unsupported ScalarType BFloat16
error saving model.layers.5.self_attn.v_proj.weight: Got unsupported ScalarType BFloat16
error saving model.layers.5.self_attn.o_proj.weight: Got unsupported ScalarType BFloat16
error saving model.layers.5.mlp.gate_proj.weight: Got unsupported ScalarType BFloat16
error saving model.layers.5.mlp.up_proj.weight: Got unsupported ScalarType BFloat16
error saving model.layers.5.mlp.down_proj.weight: Got unsupported ScalarType BFloat16
error saving model.layers.5.input_layernorm.weight: Got unsupported ScalarType BFloat16
error saving model.layers.5.post_attention_layernorm.weight: Got unsupported ScalarType BFloat16
error saving model.layers.6.self_attn.q_proj.weight: Got unsupported ScalarType BFloat16
error saving model.layers.6.self_attn.k_proj.weight: Got unsupported ScalarType BFloat16
error saving model.layers.6.self_attn.v_proj.weight: Got unsupported ScalarType BFloat16
error saving model.layers.6.self_attn.o_proj.weight: Got unsupported ScalarType BFloat16
error saving model.layers.6.mlp.gate_proj.weight: Got unsupported ScalarType BFloat16
error saving model.layers.6.mlp.up_proj.weight: Got unsupported ScalarType BFloat16
error saving model.layers.6.mlp.down_proj.weight: Got unsupported ScalarType BFloat16
error saving model.layers.6.input_layernorm.weight: Got unsupported ScalarType BFloat16
error saving model.layers.6.post_attention_layernorm.weight: Got unsupported ScalarType BFloat16
error saving model.layers.7.self_attn.q_proj.weight: Got unsupported ScalarType BFloat16
error saving model.layers.7.self_attn.k_proj.weight: Got unsupported ScalarType BFloat16
error saving model.layers.7.self_attn.v_proj.weight: Got unsupported ScalarType BFloat16
error saving model.layers.7.self_attn.o_proj.weight: Got unsupported ScalarType BFloat16
error saving model.layers.7.mlp.gate_proj.weight: Got unsupported ScalarType BFloat16
error saving model.layers.7.mlp.up_proj.weight: Got unsupported ScalarType BFloat16
error saving model.layers.7.mlp.down_proj.weight: Got unsupported ScalarType BFloat16
error saving model.layers.7.input_layernorm.weight: Got unsupported ScalarType BFloat16
error saving model.layers.7.post_attention_layernorm.weight: Got unsupported ScalarType BFloat16
error saving model.layers.8.self_attn.q_proj.weight: Got unsupported ScalarType BFloat16
error saving model.layers.8.self_attn.k_proj.weight: Got unsupported ScalarType BFloat16
error saving model.layers.8.self_attn.v_proj.weight: Got unsupported ScalarType BFloat16
error saving model.layers.8.self_attn.o_proj.weight: Got unsupported ScalarType BFloat16
error saving model.layers.8.mlp.gate_proj.weight: Got unsupported ScalarType BFloat16
error saving model.layers.8.mlp.up_proj.weight: Got unsupported ScalarType BFloat16
error saving model.layers.8.mlp.down_proj.weight: Got unsupported ScalarType BFloat16
error saving model.layers.8.input_layernorm.weight: Got unsupported ScalarType BFloat16
error saving model.layers.8.post_attention_layernorm.weight: Got unsupported ScalarType BFloat16
error saving model.layers.9.self_attn.q_proj.weight: Got unsupported ScalarType BFloat16
error saving model.layers.9.self_attn.k_proj.weight: Got unsupported ScalarType BFloat16
error saving model.layers.9.self_attn.v_proj.weight: Got unsupported ScalarType BFloat16
error saving model.layers.9.self_attn.o_proj.weight: Got unsupported ScalarType BFloat16
error saving model.layers.9.mlp.gate_proj.weight: Got unsupported ScalarType BFloat16
error saving model.layers.9.mlp.up_proj.weight: Got unsupported ScalarType BFloat16
error saving model.layers.9.mlp.down_proj.weight: Got unsupported ScalarType BFloat16
error saving model.layers.9.input_layernorm.weight: Got unsupported ScalarType BFloat16
error saving model.layers.9.post_attention_layernorm.weight: Got unsupported ScalarType BFloat16
error saving model.layers.10.self_attn.q_proj.weight: Got unsupported ScalarType BFloat16
error saving model.layers.10.self_attn.k_proj.weight: Got unsupported ScalarType BFloat16
error saving model.layers.10.self_attn.v_proj.weight: Got unsupported ScalarType BFloat16
error saving model.layers.10.self_attn.o_proj.weight: Got unsupported ScalarType BFloat16
error saving model.layers.10.mlp.gate_proj.weight: Got unsupported ScalarType BFloat16
error saving model.layers.10.mlp.up_proj.weight: Got unsupported ScalarType BFloat16
error saving model.layers.10.mlp.down_proj.weight: Got unsupported ScalarType BFloat16
error saving model.layers.10.input_layernorm.weight: Got unsupported ScalarType BFloat16
error saving model.layers.10.post_attention_layernorm.weight: Got unsupported ScalarType BFloat16
error saving model.layers.11.self_attn.q_proj.weight: Got unsupported ScalarType BFloat16
error saving model.layers.11.self_attn.k_proj.weight: Got unsupported ScalarType BFloat16
error saving model.layers.11.self_attn.v_proj.weight: Got unsupported ScalarType BFloat16
error saving model.layers.11.self_attn.o_proj.weight: Got unsupported ScalarType BFloat16
error saving model.layers.11.mlp.gate_proj.weight: Got unsupported ScalarType BFloat16
error saving model.layers.11.mlp.up_proj.weight: Got unsupported ScalarType BFloat16
error saving model.layers.11.mlp.down_proj.weight: Got unsupported ScalarType BFloat16
error saving model.layers.11.input_layernorm.weight: Got unsupported ScalarType BFloat16
error saving model.layers.11.post_attention_layernorm.weight: Got unsupported ScalarType BFloat16
error saving model.layers.12.self_attn.q_proj.weight: Got unsupported ScalarType BFloat16
error saving model.layers.12.self_attn.k_proj.weight: Got unsupported ScalarType BFloat16
error saving model.layers.12.self_attn.v_proj.weight: Got unsupported ScalarType BFloat16
error saving model.layers.12.self_attn.o_proj.weight: Got unsupported ScalarType BFloat16
error saving model.layers.12.mlp.gate_proj.weight: Got unsupported ScalarType BFloat16
error saving model.layers.12.mlp.up_proj.weight: Got unsupported ScalarType BFloat16
error saving model.layers.12.mlp.down_proj.weight: Got unsupported ScalarType BFloat16
error saving model.layers.12.input_layernorm.weight: Got unsupported ScalarType BFloat16
error saving model.layers.12.post_attention_layernorm.weight: Got unsupported ScalarType BFloat16
error saving model.layers.13.self_attn.q_proj.weight: Got unsupported ScalarType BFloat16
error saving model.layers.13.self_attn.k_proj.weight: Got unsupported ScalarType BFloat16
error saving model.layers.13.self_attn.v_proj.weight: Got unsupported ScalarType BFloat16
error saving model.layers.13.self_attn.o_proj.weight: Got unsupported ScalarType BFloat16
error saving model.layers.13.mlp.gate_proj.weight: Got unsupported ScalarType BFloat16
error saving model.layers.13.mlp.up_proj.weight: Got unsupported ScalarType BFloat16
error saving model.layers.13.mlp.down_proj.weight: Got unsupported ScalarType BFloat16
error saving model.layers.13.input_layernorm.weight: Got unsupported ScalarType BFloat16
error saving model.layers.13.post_attention_layernorm.weight: Got unsupported ScalarType BFloat16
error saving model.layers.14.self_attn.q_proj.weight: Got unsupported ScalarType BFloat16
error saving model.layers.14.self_attn.k_proj.weight: Got unsupported ScalarType BFloat16
error saving model.layers.14.self_attn.v_proj.weight: Got unsupported ScalarType BFloat16
error saving model.layers.14.self_attn.o_proj.weight: Got unsupported ScalarType BFloat16
error saving model.layers.14.mlp.gate_proj.weight: Got unsupported ScalarType BFloat16
error saving model.layers.14.mlp.up_proj.weight: Got unsupported ScalarType BFloat16
error saving model.layers.14.mlp.down_proj.weight: Got unsupported ScalarType BFloat16
error saving model.layers.14.input_layernorm.weight: Got unsupported ScalarType BFloat16
error saving model.layers.14.post_attention_layernorm.weight: Got unsupported ScalarType BFloat16
error saving model.layers.15.self_attn.q_proj.weight: Got unsupported ScalarType BFloat16
error saving model.layers.15.self_attn.k_proj.weight: Got unsupported ScalarType BFloat16
error saving model.layers.15.self_attn.v_proj.weight: Got unsupported ScalarType BFloat16
error saving model.layers.15.self_attn.o_proj.weight: Got unsupported ScalarType BFloat16
error saving model.layers.15.mlp.gate_proj.weight: Got unsupported ScalarType BFloat16
error saving model.layers.15.mlp.up_proj.weight: Got unsupported ScalarType BFloat16
error saving model.layers.15.mlp.down_proj.weight: Got unsupported ScalarType BFloat16
error saving model.layers.15.input_layernorm.weight: Got unsupported ScalarType BFloat16
error saving model.layers.15.post_attention_layernorm.weight: Got unsupported ScalarType BFloat16
error saving model.layers.16.self_attn.q_proj.weight: Got unsupported ScalarType BFloat16
error saving model.layers.16.self_attn.k_proj.weight: Got unsupported ScalarType BFloat16
error saving model.layers.16.self_attn.v_proj.weight: Got unsupported ScalarType BFloat16
error saving model.layers.16.self_attn.o_proj.weight: Got unsupported ScalarType BFloat16
error saving model.layers.16.mlp.gate_proj.weight: Got unsupported ScalarType BFloat16
error saving model.layers.16.mlp.up_proj.weight: Got unsupported ScalarType BFloat16
error saving model.layers.16.mlp.down_proj.weight: Got unsupported ScalarType BFloat16
error saving model.layers.16.input_layernorm.weight: Got unsupported ScalarType BFloat16
error saving model.layers.16.post_attention_layernorm.weight: Got unsupported ScalarType BFloat16
error saving model.layers.17.self_attn.q_proj.weight: Got unsupported ScalarType BFloat16
error saving model.layers.17.self_attn.k_proj.weight: Got unsupported ScalarType BFloat16
error saving model.layers.17.self_attn.v_proj.weight: Got unsupported ScalarType BFloat16
error saving model.layers.17.self_attn.o_proj.weight: Got unsupported ScalarType BFloat16
error saving model.layers.17.mlp.gate_proj.weight: Got unsupported ScalarType BFloat16
error saving model.layers.17.mlp.up_proj.weight: Got unsupported ScalarType BFloat16
error saving model.layers.17.mlp.down_proj.weight: Got unsupported ScalarType BFloat16
error saving model.layers.17.input_layernorm.weight: Got unsupported ScalarType BFloat16
error saving model.layers.17.post_attention_layernorm.weight: Got unsupported ScalarType BFloat16
error saving model.layers.18.self_attn.q_proj.weight: Got unsupported ScalarType BFloat16
error saving model.layers.18.self_attn.k_proj.weight: Got unsupported ScalarType BFloat16
error saving model.layers.18.self_attn.v_proj.weight: Got unsupported ScalarType BFloat16
error saving model.layers.18.self_attn.o_proj.weight: Got unsupported ScalarType BFloat16
error saving model.layers.18.mlp.gate_proj.weight: Got unsupported ScalarType BFloat16
error saving model.layers.18.mlp.up_proj.weight: Got unsupported ScalarType BFloat16
error saving model.layers.18.mlp.down_proj.weight: Got unsupported ScalarType BFloat16
error saving model.layers.18.input_layernorm.weight: Got unsupported ScalarType BFloat16
error saving model.layers.18.post_attention_layernorm.weight: Got unsupported ScalarType BFloat16
error saving model.layers.19.self_attn.q_proj.weight: Got unsupported ScalarType BFloat16
error saving model.layers.19.self_attn.k_proj.weight: Got unsupported ScalarType BFloat16
error saving model.layers.19.self_attn.v_proj.weight: Got unsupported ScalarType BFloat16
error saving model.layers.19.self_attn.o_proj.weight: Got unsupported ScalarType BFloat16
error saving model.layers.19.mlp.gate_proj.weight: Got unsupported ScalarType BFloat16
error saving model.layers.19.mlp.up_proj.weight: Got unsupported ScalarType BFloat16
error saving model.layers.19.mlp.down_proj.weight: Got unsupported ScalarType BFloat16
error saving model.layers.19.input_layernorm.weight: Got unsupported ScalarType BFloat16
error saving model.layers.19.post_attention_layernorm.weight: Got unsupported ScalarType BFloat16
error saving model.layers.20.self_attn.q_proj.weight: Got unsupported ScalarType BFloat16
error saving model.layers.20.self_attn.k_proj.weight: Got unsupported ScalarType BFloat16
error saving model.layers.20.self_attn.v_proj.weight: Got unsupported ScalarType BFloat16
error saving model.layers.20.self_attn.o_proj.weight: Got unsupported ScalarType BFloat16
error saving model.layers.20.mlp.gate_proj.weight: Got unsupported ScalarType BFloat16
error saving model.layers.20.mlp.up_proj.weight: Got unsupported ScalarType BFloat16
error saving model.layers.20.mlp.down_proj.weight: Got unsupported ScalarType BFloat16
error saving model.layers.20.input_layernorm.weight: Got unsupported ScalarType BFloat16
error saving model.layers.20.post_attention_layernorm.weight: Got unsupported ScalarType BFloat16
error saving model.layers.21.self_attn.q_proj.weight: Got unsupported ScalarType BFloat16
error saving model.layers.21.self_attn.k_proj.weight: Got unsupported ScalarType BFloat16
error saving model.layers.21.self_attn.v_proj.weight: Got unsupported ScalarType BFloat16
error saving model.layers.21.self_attn.o_proj.weight: Got unsupported ScalarType BFloat16
error saving model.layers.21.mlp.gate_proj.weight: Got unsupported ScalarType BFloat16
error saving model.layers.21.mlp.up_proj.weight: Got unsupported ScalarType BFloat16
error saving model.layers.21.mlp.down_proj.weight: Got unsupported ScalarType BFloat16
error saving model.layers.21.input_layernorm.weight: Got unsupported ScalarType BFloat16
error saving model.layers.21.post_attention_layernorm.weight: Got unsupported ScalarType BFloat16
error saving model.layers.22.self_attn.q_proj.weight: Got unsupported ScalarType BFloat16
error saving model.layers.22.self_attn.k_proj.weight: Got unsupported ScalarType BFloat16
error saving model.layers.22.self_attn.v_proj.weight: Got unsupported ScalarType BFloat16
error saving model.layers.22.self_attn.o_proj.weight: Got unsupported ScalarType BFloat16
error saving model.layers.22.mlp.gate_proj.weight: Got unsupported ScalarType BFloat16
error saving model.layers.22.mlp.up_proj.weight: Got unsupported ScalarType BFloat16
error saving model.layers.22.mlp.down_proj.weight: Got unsupported ScalarType BFloat16
error saving model.layers.22.input_layernorm.weight: Got unsupported ScalarType BFloat16
error saving model.layers.22.post_attention_layernorm.weight: Got unsupported ScalarType BFloat16
error saving model.layers.23.self_attn.q_proj.weight: Got unsupported ScalarType BFloat16
error saving model.layers.23.self_attn.k_proj.weight: Got unsupported ScalarType BFloat16
error saving model.layers.23.self_attn.v_proj.weight: Got unsupported ScalarType BFloat16
error saving model.layers.23.self_attn.o_proj.weight: Got unsupported ScalarType BFloat16
error saving model.layers.23.mlp.gate_proj.weight: Got unsupported ScalarType BFloat16
error saving model.layers.23.mlp.up_proj.weight: Got unsupported ScalarType BFloat16
error saving model.layers.23.mlp.down_proj.weight: Got unsupported ScalarType BFloat16
error saving model.layers.23.input_layernorm.weight: Got unsupported ScalarType BFloat16
error saving model.layers.23.post_attention_layernorm.weight: Got unsupported ScalarType BFloat16
error saving model.layers.24.self_attn.q_proj.weight: Got unsupported ScalarType BFloat16
error saving model.layers.24.self_attn.k_proj.weight: Got unsupported ScalarType BFloat16
error saving model.layers.24.self_attn.v_proj.weight: Got unsupported ScalarType BFloat16
error saving model.layers.24.self_attn.o_proj.weight: Got unsupported ScalarType BFloat16
error saving model.layers.24.mlp.gate_proj.weight: Got unsupported ScalarType BFloat16
error saving model.layers.24.mlp.up_proj.weight: Got unsupported ScalarType BFloat16
error saving model.layers.24.mlp.down_proj.weight: Got unsupported ScalarType BFloat16
error saving model.layers.24.input_layernorm.weight: Got unsupported ScalarType BFloat16
error saving model.layers.24.post_attention_layernorm.weight: Got unsupported ScalarType BFloat16
error saving model.layers.25.self_attn.q_proj.weight: Got unsupported ScalarType BFloat16
error saving model.layers.25.self_attn.k_proj.weight: Got unsupported ScalarType BFloat16
error saving model.layers.25.self_attn.v_proj.weight: Got unsupported ScalarType BFloat16
error saving model.layers.25.self_attn.o_proj.weight: Got unsupported ScalarType BFloat16
error saving model.layers.25.mlp.gate_proj.weight: Got unsupported ScalarType BFloat16
error saving model.layers.25.mlp.up_proj.weight: Got unsupported ScalarType BFloat16
error saving model.layers.25.mlp.down_proj.weight: Got unsupported ScalarType BFloat16
error saving model.layers.25.input_layernorm.weight: Got unsupported ScalarType BFloat16
error saving model.layers.25.post_attention_layernorm.weight: Got unsupported ScalarType BFloat16
error saving model.layers.26.self_attn.q_proj.weight: Got unsupported ScalarType BFloat16
error saving model.layers.26.self_attn.k_proj.weight: Got unsupported ScalarType BFloat16
error saving model.layers.26.self_attn.v_proj.weight: Got unsupported ScalarType BFloat16
error saving model.layers.26.self_attn.o_proj.weight: Got unsupported ScalarType BFloat16
error saving model.layers.26.mlp.gate_proj.weight: Got unsupported ScalarType BFloat16
error saving model.layers.26.mlp.up_proj.weight: Got unsupported ScalarType BFloat16
error saving model.layers.26.mlp.down_proj.weight: Got unsupported ScalarType BFloat16
error saving model.layers.26.input_layernorm.weight: Got unsupported ScalarType BFloat16
error saving model.layers.26.post_attention_layernorm.weight: Got unsupported ScalarType BFloat16
error saving model.layers.27.self_attn.q_proj.weight: Got unsupported ScalarType BFloat16
error saving model.layers.27.self_attn.k_proj.weight: Got unsupported ScalarType BFloat16
error saving model.layers.27.self_attn.v_proj.weight: Got unsupported ScalarType BFloat16
error saving model.layers.27.self_attn.o_proj.weight: Got unsupported ScalarType BFloat16
error saving model.layers.27.mlp.gate_proj.weight: Got unsupported ScalarType BFloat16
error saving model.layers.27.mlp.up_proj.weight: Got unsupported ScalarType BFloat16
error saving model.layers.27.mlp.down_proj.weight: Got unsupported ScalarType BFloat16
error saving model.layers.27.input_layernorm.weight: Got unsupported ScalarType BFloat16
error saving model.layers.27.post_attention_layernorm.weight: Got unsupported ScalarType BFloat16
error saving model.norm.weight: Got unsupported ScalarType BFloat16
error saving lm_head.weight: Got unsupported ScalarType BFloat16
saving: 100%|██████████| 255/255 [00:00<00:00, 3582.04it/s]
✓ saved 0 parameters in 73.6 ms
✓ total size: 0.00 b

TENSORSTORE: loading
loading: 0it [00:00, ?it/s]loading: 0it [00:00, ?it/s]
✓ loaded 0 parameters in 1.4 ms

======================================================================
TENSORSTORE RESULTS
======================================================================
save time: 73.6 ms
load time: 1.4 ms
file size: 0.00 b
parameters: 0

======================================================================
GENERATING PLOTS
======================================================================
✓ plot saved: /mnt/common/zchowdhury1/tensorstore/llama-work/cluster/results/20251204_063850_sweep_chunk_Llama-3.2-3B-Instruct/chunk16_Llama-3.2-3B-Instruct/plots/comparison.png

======================================================================
SWEEP RUN COMPLETE
======================================================================

results: /mnt/common/zchowdhury1/tensorstore/llama-work/cluster/results/20251204_063850_sweep_chunk_Llama-3.2-3B-Instruct/chunk16_Llama-3.2-3B-Instruct/all_phases_results.json
plots: /mnt/common/zchowdhury1/tensorstore/llama-work/cluster/results/20251204_063850_sweep_chunk_Llama-3.2-3B-Instruct/chunk16_Llama-3.2-3B-Instruct/plots
checkpoints: /mnt/common/zchowdhury1/tensorstore/llama-work/cluster/saved_models/20251204_063850_sweep_chunk_Llama-3.2-3B-Instruct/chunk16_Llama-3.2-3B-Instruct

======================================================================

==========================================
running with chunk = 64
==========================================
✓ detected model default dtype: bfloat16 (torch_dtype='bfloat16' from config.json)

auto-detected dtype: bfloat16
======================================================================
TENSORSTORE SWEEP: meta-llama/Llama-3.2-3B-Instruct
model type: llama
run id: 20251204_063850_sweep_chunk_Llama-3.2-3B-Instruct/chunk64_Llama-3.2-3B-Instruct
dtype: bfloat16
chunk size: 64 MB
concurrency: default (tensorstore)
clear cache: False
======================================================================

model checkpoints directory: /mnt/common/zchowdhury1/tensorstore/llama-work/cluster/saved_models/20251204_063850_sweep_chunk_Llama-3.2-3B-Instruct/chunk64_Llama-3.2-3B-Instruct
results directory: /mnt/common/zchowdhury1/tensorstore/llama-work/cluster/results/20251204_063850_sweep_chunk_Llama-3.2-3B-Instruct/chunk64_Llama-3.2-3B-Instruct

loading model: meta-llama/Llama-3.2-3B-Instruct
device: cpu
Loading checkpoint shards:   0%|          | 0/2 [00:00<?, ?it/s]Loading checkpoint shards:  50%|█████     | 1/2 [00:00<00:00,  5.10it/s]Loading checkpoint shards: 100%|██████████| 2/2 [00:00<00:00,  7.45it/s]
✓ model loaded: 3212.7m parameters

======================================================================
PHASE 2: TENSORSTORE (BASIC)
======================================================================

======================================================================
TENSORSTORE: saving
======================================================================
saving:   0%|          | 0/255 [00:00<?, ?it/s]error saving model.embed_tokens.weight: Got unsupported ScalarType BFloat16
error saving model.layers.0.self_attn.q_proj.weight: Got unsupported ScalarType BFloat16
error saving model.layers.0.self_attn.k_proj.weight: Got unsupported ScalarType BFloat16
error saving model.layers.0.self_attn.v_proj.weight: Got unsupported ScalarType BFloat16
error saving model.layers.0.self_attn.o_proj.weight: Got unsupported ScalarType BFloat16
error saving model.layers.0.mlp.gate_proj.weight: Got unsupported ScalarType BFloat16
error saving model.layers.0.mlp.up_proj.weight: Got unsupported ScalarType BFloat16
error saving model.layers.0.mlp.down_proj.weight: Got unsupported ScalarType BFloat16
error saving model.layers.0.input_layernorm.weight: Got unsupported ScalarType BFloat16
error saving model.layers.0.post_attention_layernorm.weight: Got unsupported ScalarType BFloat16
error saving model.layers.1.self_attn.q_proj.weight: Got unsupported ScalarType BFloat16
error saving model.layers.1.self_attn.k_proj.weight: Got unsupported ScalarType BFloat16
error saving model.layers.1.self_attn.v_proj.weight: Got unsupported ScalarType BFloat16
error saving model.layers.1.self_attn.o_proj.weight: Got unsupported ScalarType BFloat16
error saving model.layers.1.mlp.gate_proj.weight: Got unsupported ScalarType BFloat16
error saving model.layers.1.mlp.up_proj.weight: Got unsupported ScalarType BFloat16
error saving model.layers.1.mlp.down_proj.weight: Got unsupported ScalarType BFloat16
error saving model.layers.1.input_layernorm.weight: Got unsupported ScalarType BFloat16
error saving model.layers.1.post_attention_layernorm.weight: Got unsupported ScalarType BFloat16
error saving model.layers.2.self_attn.q_proj.weight: Got unsupported ScalarType BFloat16
error saving model.layers.2.self_attn.k_proj.weight: Got unsupported ScalarType BFloat16
error saving model.layers.2.self_attn.v_proj.weight: Got unsupported ScalarType BFloat16
error saving model.layers.2.self_attn.o_proj.weight: Got unsupported ScalarType BFloat16
error saving model.layers.2.mlp.gate_proj.weight: Got unsupported ScalarType BFloat16
error saving model.layers.2.mlp.up_proj.weight: Got unsupported ScalarType BFloat16
error saving model.layers.2.mlp.down_proj.weight: Got unsupported ScalarType BFloat16
error saving model.layers.2.input_layernorm.weight: Got unsupported ScalarType BFloat16
error saving model.layers.2.post_attention_layernorm.weight: Got unsupported ScalarType BFloat16
error saving model.layers.3.self_attn.q_proj.weight: Got unsupported ScalarType BFloat16
error saving model.layers.3.self_attn.k_proj.weight: Got unsupported ScalarType BFloat16
error saving model.layers.3.self_attn.v_proj.weight: Got unsupported ScalarType BFloat16
error saving model.layers.3.self_attn.o_proj.weight: Got unsupported ScalarType BFloat16
error saving model.layers.3.mlp.gate_proj.weight: Got unsupported ScalarType BFloat16
error saving model.layers.3.mlp.up_proj.weight: Got unsupported ScalarType BFloat16
error saving model.layers.3.mlp.down_proj.weight: Got unsupported ScalarType BFloat16
error saving model.layers.3.input_layernorm.weight: Got unsupported ScalarType BFloat16
error saving model.layers.3.post_attention_layernorm.weight: Got unsupported ScalarType BFloat16
error saving model.layers.4.self_attn.q_proj.weight: Got unsupported ScalarType BFloat16
error saving model.layers.4.self_attn.k_proj.weight: Got unsupported ScalarType BFloat16
error saving model.layers.4.self_attn.v_proj.weight: Got unsupported ScalarType BFloat16
error saving model.layers.4.self_attn.o_proj.weight: Got unsupported ScalarType BFloat16
error saving model.layers.4.mlp.gate_proj.weight: Got unsupported ScalarType BFloat16
error saving model.layers.4.mlp.up_proj.weight: Got unsupported ScalarType BFloat16
error saving model.layers.4.mlp.down_proj.weight: Got unsupported ScalarType BFloat16
error saving model.layers.4.input_layernorm.weight: Got unsupported ScalarType BFloat16
error saving model.layers.4.post_attention_layernorm.weight: Got unsupported ScalarType BFloat16
error saving model.layers.5.self_attn.q_proj.weight: Got unsupported ScalarType BFloat16
error saving model.layers.5.self_attn.k_proj.weight: Got unsupported ScalarType BFloat16
error saving model.layers.5.self_attn.v_proj.weight: Got unsupported ScalarType BFloat16
error saving model.layers.5.self_attn.o_proj.weight: Got unsupported ScalarType BFloat16
error saving model.layers.5.mlp.gate_proj.weight: Got unsupported ScalarType BFloat16
error saving model.layers.5.mlp.up_proj.weight: Got unsupported ScalarType BFloat16
error saving model.layers.5.mlp.down_proj.weight: Got unsupported ScalarType BFloat16
error saving model.layers.5.input_layernorm.weight: Got unsupported ScalarType BFloat16
error saving model.layers.5.post_attention_layernorm.weight: Got unsupported ScalarType BFloat16
error saving model.layers.6.self_attn.q_proj.weight: Got unsupported ScalarType BFloat16
error saving model.layers.6.self_attn.k_proj.weight: Got unsupported ScalarType BFloat16
error saving model.layers.6.self_attn.v_proj.weight: Got unsupported ScalarType BFloat16
error saving model.layers.6.self_attn.o_proj.weight: Got unsupported ScalarType BFloat16
error saving model.layers.6.mlp.gate_proj.weight: Got unsupported ScalarType BFloat16
error saving model.layers.6.mlp.up_proj.weight: Got unsupported ScalarType BFloat16
error saving model.layers.6.mlp.down_proj.weight: Got unsupported ScalarType BFloat16
error saving model.layers.6.input_layernorm.weight: Got unsupported ScalarType BFloat16
error saving model.layers.6.post_attention_layernorm.weight: Got unsupported ScalarType BFloat16
error saving model.layers.7.self_attn.q_proj.weight: Got unsupported ScalarType BFloat16
error saving model.layers.7.self_attn.k_proj.weight: Got unsupported ScalarType BFloat16
error saving model.layers.7.self_attn.v_proj.weight: Got unsupported ScalarType BFloat16
error saving model.layers.7.self_attn.o_proj.weight: Got unsupported ScalarType BFloat16
error saving model.layers.7.mlp.gate_proj.weight: Got unsupported ScalarType BFloat16
error saving model.layers.7.mlp.up_proj.weight: Got unsupported ScalarType BFloat16
error saving model.layers.7.mlp.down_proj.weight: Got unsupported ScalarType BFloat16
error saving model.layers.7.input_layernorm.weight: Got unsupported ScalarType BFloat16
error saving model.layers.7.post_attention_layernorm.weight: Got unsupported ScalarType BFloat16
error saving model.layers.8.self_attn.q_proj.weight: Got unsupported ScalarType BFloat16
error saving model.layers.8.self_attn.k_proj.weight: Got unsupported ScalarType BFloat16
error saving model.layers.8.self_attn.v_proj.weight: Got unsupported ScalarType BFloat16
error saving model.layers.8.self_attn.o_proj.weight: Got unsupported ScalarType BFloat16
error saving model.layers.8.mlp.gate_proj.weight: Got unsupported ScalarType BFloat16
error saving model.layers.8.mlp.up_proj.weight: Got unsupported ScalarType BFloat16
error saving model.layers.8.mlp.down_proj.weight: Got unsupported ScalarType BFloat16
error saving model.layers.8.input_layernorm.weight: Got unsupported ScalarType BFloat16
error saving model.layers.8.post_attention_layernorm.weight: Got unsupported ScalarType BFloat16
error saving model.layers.9.self_attn.q_proj.weight: Got unsupported ScalarType BFloat16
error saving model.layers.9.self_attn.k_proj.weight: Got unsupported ScalarType BFloat16
error saving model.layers.9.self_attn.v_proj.weight: Got unsupported ScalarType BFloat16
error saving model.layers.9.self_attn.o_proj.weight: Got unsupported ScalarType BFloat16
error saving model.layers.9.mlp.gate_proj.weight: Got unsupported ScalarType BFloat16
error saving model.layers.9.mlp.up_proj.weight: Got unsupported ScalarType BFloat16
error saving model.layers.9.mlp.down_proj.weight: Got unsupported ScalarType BFloat16
error saving model.layers.9.input_layernorm.weight: Got unsupported ScalarType BFloat16
error saving model.layers.9.post_attention_layernorm.weight: Got unsupported ScalarType BFloat16
error saving model.layers.10.self_attn.q_proj.weight: Got unsupported ScalarType BFloat16
error saving model.layers.10.self_attn.k_proj.weight: Got unsupported ScalarType BFloat16
error saving model.layers.10.self_attn.v_proj.weight: Got unsupported ScalarType BFloat16
error saving model.layers.10.self_attn.o_proj.weight: Got unsupported ScalarType BFloat16
error saving model.layers.10.mlp.gate_proj.weight: Got unsupported ScalarType BFloat16
error saving model.layers.10.mlp.up_proj.weight: Got unsupported ScalarType BFloat16
error saving model.layers.10.mlp.down_proj.weight: Got unsupported ScalarType BFloat16
error saving model.layers.10.input_layernorm.weight: Got unsupported ScalarType BFloat16
error saving model.layers.10.post_attention_layernorm.weight: Got unsupported ScalarType BFloat16
error saving model.layers.11.self_attn.q_proj.weight: Got unsupported ScalarType BFloat16
error saving model.layers.11.self_attn.k_proj.weight: Got unsupported ScalarType BFloat16
error saving model.layers.11.self_attn.v_proj.weight: Got unsupported ScalarType BFloat16
error saving model.layers.11.self_attn.o_proj.weight: Got unsupported ScalarType BFloat16
error saving model.layers.11.mlp.gate_proj.weight: Got unsupported ScalarType BFloat16
error saving model.layers.11.mlp.up_proj.weight: Got unsupported ScalarType BFloat16
error saving model.layers.11.mlp.down_proj.weight: Got unsupported ScalarType BFloat16
error saving model.layers.11.input_layernorm.weight: Got unsupported ScalarType BFloat16
error saving model.layers.11.post_attention_layernorm.weight: Got unsupported ScalarType BFloat16
error saving model.layers.12.self_attn.q_proj.weight: Got unsupported ScalarType BFloat16
error saving model.layers.12.self_attn.k_proj.weight: Got unsupported ScalarType BFloat16
error saving model.layers.12.self_attn.v_proj.weight: Got unsupported ScalarType BFloat16
error saving model.layers.12.self_attn.o_proj.weight: Got unsupported ScalarType BFloat16
error saving model.layers.12.mlp.gate_proj.weight: Got unsupported ScalarType BFloat16
error saving model.layers.12.mlp.up_proj.weight: Got unsupported ScalarType BFloat16
error saving model.layers.12.mlp.down_proj.weight: Got unsupported ScalarType BFloat16
error saving model.layers.12.input_layernorm.weight: Got unsupported ScalarType BFloat16
error saving model.layers.12.post_attention_layernorm.weight: Got unsupported ScalarType BFloat16
error saving model.layers.13.self_attn.q_proj.weight: Got unsupported ScalarType BFloat16
error saving model.layers.13.self_attn.k_proj.weight: Got unsupported ScalarType BFloat16
error saving model.layers.13.self_attn.v_proj.weight: Got unsupported ScalarType BFloat16
error saving model.layers.13.self_attn.o_proj.weight: Got unsupported ScalarType BFloat16
error saving model.layers.13.mlp.gate_proj.weight: Got unsupported ScalarType BFloat16
error saving model.layers.13.mlp.up_proj.weight: Got unsupported ScalarType BFloat16
error saving model.layers.13.mlp.down_proj.weight: Got unsupported ScalarType BFloat16
error saving model.layers.13.input_layernorm.weight: Got unsupported ScalarType BFloat16
error saving model.layers.13.post_attention_layernorm.weight: Got unsupported ScalarType BFloat16
error saving model.layers.14.self_attn.q_proj.weight: Got unsupported ScalarType BFloat16
error saving model.layers.14.self_attn.k_proj.weight: Got unsupported ScalarType BFloat16
error saving model.layers.14.self_attn.v_proj.weight: Got unsupported ScalarType BFloat16
error saving model.layers.14.self_attn.o_proj.weight: Got unsupported ScalarType BFloat16
error saving model.layers.14.mlp.gate_proj.weight: Got unsupported ScalarType BFloat16
error saving model.layers.14.mlp.up_proj.weight: Got unsupported ScalarType BFloat16
error saving model.layers.14.mlp.down_proj.weight: Got unsupported ScalarType BFloat16
error saving model.layers.14.input_layernorm.weight: Got unsupported ScalarType BFloat16
error saving model.layers.14.post_attention_layernorm.weight: Got unsupported ScalarType BFloat16
error saving model.layers.15.self_attn.q_proj.weight: Got unsupported ScalarType BFloat16
error saving model.layers.15.self_attn.k_proj.weight: Got unsupported ScalarType BFloat16
error saving model.layers.15.self_attn.v_proj.weight: Got unsupported ScalarType BFloat16
error saving model.layers.15.self_attn.o_proj.weight: Got unsupported ScalarType BFloat16
error saving model.layers.15.mlp.gate_proj.weight: Got unsupported ScalarType BFloat16
error saving model.layers.15.mlp.up_proj.weight: Got unsupported ScalarType BFloat16
error saving model.layers.15.mlp.down_proj.weight: Got unsupported ScalarType BFloat16
error saving model.layers.15.input_layernorm.weight: Got unsupported ScalarType BFloat16
error saving model.layers.15.post_attention_layernorm.weight: Got unsupported ScalarType BFloat16
error saving model.layers.16.self_attn.q_proj.weight: Got unsupported ScalarType BFloat16
error saving model.layers.16.self_attn.k_proj.weight: Got unsupported ScalarType BFloat16
error saving model.layers.16.self_attn.v_proj.weight: Got unsupported ScalarType BFloat16
error saving model.layers.16.self_attn.o_proj.weight: Got unsupported ScalarType BFloat16
error saving model.layers.16.mlp.gate_proj.weight: Got unsupported ScalarType BFloat16
error saving model.layers.16.mlp.up_proj.weight: Got unsupported ScalarType BFloat16
error saving model.layers.16.mlp.down_proj.weight: Got unsupported ScalarType BFloat16
error saving model.layers.16.input_layernorm.weight: Got unsupported ScalarType BFloat16
error saving model.layers.16.post_attention_layernorm.weight: Got unsupported ScalarType BFloat16
error saving model.layers.17.self_attn.q_proj.weight: Got unsupported ScalarType BFloat16
error saving model.layers.17.self_attn.k_proj.weight: Got unsupported ScalarType BFloat16
error saving model.layers.17.self_attn.v_proj.weight: Got unsupported ScalarType BFloat16
error saving model.layers.17.self_attn.o_proj.weight: Got unsupported ScalarType BFloat16
error saving model.layers.17.mlp.gate_proj.weight: Got unsupported ScalarType BFloat16
error saving model.layers.17.mlp.up_proj.weight: Got unsupported ScalarType BFloat16
error saving model.layers.17.mlp.down_proj.weight: Got unsupported ScalarType BFloat16
error saving model.layers.17.input_layernorm.weight: Got unsupported ScalarType BFloat16
error saving model.layers.17.post_attention_layernorm.weight: Got unsupported ScalarType BFloat16
error saving model.layers.18.self_attn.q_proj.weight: Got unsupported ScalarType BFloat16
error saving model.layers.18.self_attn.k_proj.weight: Got unsupported ScalarType BFloat16
error saving model.layers.18.self_attn.v_proj.weight: Got unsupported ScalarType BFloat16
error saving model.layers.18.self_attn.o_proj.weight: Got unsupported ScalarType BFloat16
error saving model.layers.18.mlp.gate_proj.weight: Got unsupported ScalarType BFloat16
error saving model.layers.18.mlp.up_proj.weight: Got unsupported ScalarType BFloat16
error saving model.layers.18.mlp.down_proj.weight: Got unsupported ScalarType BFloat16
error saving model.layers.18.input_layernorm.weight: Got unsupported ScalarType BFloat16
error saving model.layers.18.post_attention_layernorm.weight: Got unsupported ScalarType BFloat16
error saving model.layers.19.self_attn.q_proj.weight: Got unsupported ScalarType BFloat16
error saving model.layers.19.self_attn.k_proj.weight: Got unsupported ScalarType BFloat16
error saving model.layers.19.self_attn.v_proj.weight: Got unsupported ScalarType BFloat16
error saving model.layers.19.self_attn.o_proj.weight: Got unsupported ScalarType BFloat16
error saving model.layers.19.mlp.gate_proj.weight: Got unsupported ScalarType BFloat16
error saving model.layers.19.mlp.up_proj.weight: Got unsupported ScalarType BFloat16
error saving model.layers.19.mlp.down_proj.weight: Got unsupported ScalarType BFloat16
error saving model.layers.19.input_layernorm.weight: Got unsupported ScalarType BFloat16
error saving model.layers.19.post_attention_layernorm.weight: Got unsupported ScalarType BFloat16
error saving model.layers.20.self_attn.q_proj.weight: Got unsupported ScalarType BFloat16
error saving model.layers.20.self_attn.k_proj.weight: Got unsupported ScalarType BFloat16
error saving model.layers.20.self_attn.v_proj.weight: Got unsupported ScalarType BFloat16
error saving model.layers.20.self_attn.o_proj.weight: Got unsupported ScalarType BFloat16
error saving model.layers.20.mlp.gate_proj.weight: Got unsupported ScalarType BFloat16
error saving model.layers.20.mlp.up_proj.weight: Got unsupported ScalarType BFloat16
error saving model.layers.20.mlp.down_proj.weight: Got unsupported ScalarType BFloat16
error saving model.layers.20.input_layernorm.weight: Got unsupported ScalarType BFloat16
error saving model.layers.20.post_attention_layernorm.weight: Got unsupported ScalarType BFloat16
error saving model.layers.21.self_attn.q_proj.weight: Got unsupported ScalarType BFloat16
error saving model.layers.21.self_attn.k_proj.weight: Got unsupported ScalarType BFloat16
error saving model.layers.21.self_attn.v_proj.weight: Got unsupported ScalarType BFloat16
error saving model.layers.21.self_attn.o_proj.weight: Got unsupported ScalarType BFloat16
error saving model.layers.21.mlp.gate_proj.weight: Got unsupported ScalarType BFloat16
error saving model.layers.21.mlp.up_proj.weight: Got unsupported ScalarType BFloat16
error saving model.layers.21.mlp.down_proj.weight: Got unsupported ScalarType BFloat16
error saving model.layers.21.input_layernorm.weight: Got unsupported ScalarType BFloat16
error saving model.layers.21.post_attention_layernorm.weight: Got unsupported ScalarType BFloat16
error saving model.layers.22.self_attn.q_proj.weight: Got unsupported ScalarType BFloat16
error saving model.layers.22.self_attn.k_proj.weight: Got unsupported ScalarType BFloat16
error saving model.layers.22.self_attn.v_proj.weight: Got unsupported ScalarType BFloat16
error saving model.layers.22.self_attn.o_proj.weight: Got unsupported ScalarType BFloat16
error saving model.layers.22.mlp.gate_proj.weight: Got unsupported ScalarType BFloat16
error saving model.layers.22.mlp.up_proj.weight: Got unsupported ScalarType BFloat16
error saving model.layers.22.mlp.down_proj.weight: Got unsupported ScalarType BFloat16
error saving model.layers.22.input_layernorm.weight: Got unsupported ScalarType BFloat16
error saving model.layers.22.post_attention_layernorm.weight: Got unsupported ScalarType BFloat16
error saving model.layers.23.self_attn.q_proj.weight: Got unsupported ScalarType BFloat16
error saving model.layers.23.self_attn.k_proj.weight: Got unsupported ScalarType BFloat16
error saving model.layers.23.self_attn.v_proj.weight: Got unsupported ScalarType BFloat16
error saving model.layers.23.self_attn.o_proj.weight: Got unsupported ScalarType BFloat16
error saving model.layers.23.mlp.gate_proj.weight: Got unsupported ScalarType BFloat16
error saving model.layers.23.mlp.up_proj.weight: Got unsupported ScalarType BFloat16
error saving model.layers.23.mlp.down_proj.weight: Got unsupported ScalarType BFloat16
error saving model.layers.23.input_layernorm.weight: Got unsupported ScalarType BFloat16
error saving model.layers.23.post_attention_layernorm.weight: Got unsupported ScalarType BFloat16
error saving model.layers.24.self_attn.q_proj.weight: Got unsupported ScalarType BFloat16
error saving model.layers.24.self_attn.k_proj.weight: Got unsupported ScalarType BFloat16
error saving model.layers.24.self_attn.v_proj.weight: Got unsupported ScalarType BFloat16
error saving model.layers.24.self_attn.o_proj.weight: Got unsupported ScalarType BFloat16
error saving model.layers.24.mlp.gate_proj.weight: Got unsupported ScalarType BFloat16
error saving model.layers.24.mlp.up_proj.weight: Got unsupported ScalarType BFloat16
error saving model.layers.24.mlp.down_proj.weight: Got unsupported ScalarType BFloat16
error saving model.layers.24.input_layernorm.weight: Got unsupported ScalarType BFloat16
error saving model.layers.24.post_attention_layernorm.weight: Got unsupported ScalarType BFloat16
error saving model.layers.25.self_attn.q_proj.weight: Got unsupported ScalarType BFloat16
error saving model.layers.25.self_attn.k_proj.weight: Got unsupported ScalarType BFloat16
error saving model.layers.25.self_attn.v_proj.weight: Got unsupported ScalarType BFloat16
error saving model.layers.25.self_attn.o_proj.weight: Got unsupported ScalarType BFloat16
error saving model.layers.25.mlp.gate_proj.weight: Got unsupported ScalarType BFloat16
error saving model.layers.25.mlp.up_proj.weight: Got unsupported ScalarType BFloat16
error saving model.layers.25.mlp.down_proj.weight: Got unsupported ScalarType BFloat16
error saving model.layers.25.input_layernorm.weight: Got unsupported ScalarType BFloat16
error saving model.layers.25.post_attention_layernorm.weight: Got unsupported ScalarType BFloat16
error saving model.layers.26.self_attn.q_proj.weight: Got unsupported ScalarType BFloat16
error saving model.layers.26.self_attn.k_proj.weight: Got unsupported ScalarType BFloat16
error saving model.layers.26.self_attn.v_proj.weight: Got unsupported ScalarType BFloat16
error saving model.layers.26.self_attn.o_proj.weight: Got unsupported ScalarType BFloat16
error saving model.layers.26.mlp.gate_proj.weight: Got unsupported ScalarType BFloat16
error saving model.layers.26.mlp.up_proj.weight: Got unsupported ScalarType BFloat16
error saving model.layers.26.mlp.down_proj.weight: Got unsupported ScalarType BFloat16
error saving model.layers.26.input_layernorm.weight: Got unsupported ScalarType BFloat16
error saving model.layers.26.post_attention_layernorm.weight: Got unsupported ScalarType BFloat16
error saving model.layers.27.self_attn.q_proj.weight: Got unsupported ScalarType BFloat16
error saving model.layers.27.self_attn.k_proj.weight: Got unsupported ScalarType BFloat16
error saving model.layers.27.self_attn.v_proj.weight: Got unsupported ScalarType BFloat16
error saving model.layers.27.self_attn.o_proj.weight: Got unsupported ScalarType BFloat16
error saving model.layers.27.mlp.gate_proj.weight: Got unsupported ScalarType BFloat16
error saving model.layers.27.mlp.up_proj.weight: Got unsupported ScalarType BFloat16
error saving model.layers.27.mlp.down_proj.weight: Got unsupported ScalarType BFloat16
error saving model.layers.27.input_layernorm.weight: Got unsupported ScalarType BFloat16
error saving model.layers.27.post_attention_layernorm.weight: Got unsupported ScalarType BFloat16
error saving model.norm.weight: Got unsupported ScalarType BFloat16
error saving lm_head.weight: Got unsupported ScalarType BFloat16
saving: 100%|██████████| 255/255 [00:00<00:00, 3821.94it/s]
✓ saved 0 parameters in 69.0 ms
✓ total size: 0.00 b

TENSORSTORE: loading
loading: 0it [00:00, ?it/s]loading: 0it [00:00, ?it/s]
✓ loaded 0 parameters in 1.5 ms

======================================================================
TENSORSTORE RESULTS
======================================================================
save time: 69.0 ms
load time: 1.5 ms
file size: 0.00 b
parameters: 0

======================================================================
GENERATING PLOTS
======================================================================
✓ plot saved: /mnt/common/zchowdhury1/tensorstore/llama-work/cluster/results/20251204_063850_sweep_chunk_Llama-3.2-3B-Instruct/chunk64_Llama-3.2-3B-Instruct/plots/comparison.png

======================================================================
SWEEP RUN COMPLETE
======================================================================

results: /mnt/common/zchowdhury1/tensorstore/llama-work/cluster/results/20251204_063850_sweep_chunk_Llama-3.2-3B-Instruct/chunk64_Llama-3.2-3B-Instruct/all_phases_results.json
plots: /mnt/common/zchowdhury1/tensorstore/llama-work/cluster/results/20251204_063850_sweep_chunk_Llama-3.2-3B-Instruct/chunk64_Llama-3.2-3B-Instruct/plots
checkpoints: /mnt/common/zchowdhury1/tensorstore/llama-work/cluster/saved_models/20251204_063850_sweep_chunk_Llama-3.2-3B-Instruct/chunk64_Llama-3.2-3B-Instruct

======================================================================

==========================================
running with chunk = 128
==========================================
✓ detected model default dtype: bfloat16 (torch_dtype='bfloat16' from config.json)

auto-detected dtype: bfloat16
======================================================================
TENSORSTORE SWEEP: meta-llama/Llama-3.2-3B-Instruct
model type: llama
run id: 20251204_063850_sweep_chunk_Llama-3.2-3B-Instruct/chunk128_Llama-3.2-3B-Instruct
dtype: bfloat16
chunk size: 128 MB
concurrency: default (tensorstore)
clear cache: False
======================================================================

model checkpoints directory: /mnt/common/zchowdhury1/tensorstore/llama-work/cluster/saved_models/20251204_063850_sweep_chunk_Llama-3.2-3B-Instruct/chunk128_Llama-3.2-3B-Instruct
results directory: /mnt/common/zchowdhury1/tensorstore/llama-work/cluster/results/20251204_063850_sweep_chunk_Llama-3.2-3B-Instruct/chunk128_Llama-3.2-3B-Instruct

loading model: meta-llama/Llama-3.2-3B-Instruct
device: cpu
Loading checkpoint shards:   0%|          | 0/2 [00:00<?, ?it/s]Loading checkpoint shards:  50%|█████     | 1/2 [00:00<00:00,  5.07it/s]Loading checkpoint shards: 100%|██████████| 2/2 [00:00<00:00,  7.40it/s]
✓ model loaded: 3212.7m parameters

======================================================================
PHASE 2: TENSORSTORE (BASIC)
======================================================================

======================================================================
TENSORSTORE: saving
======================================================================
saving:   0%|          | 0/255 [00:00<?, ?it/s]error saving model.embed_tokens.weight: Got unsupported ScalarType BFloat16
error saving model.layers.0.self_attn.q_proj.weight: Got unsupported ScalarType BFloat16
error saving model.layers.0.self_attn.k_proj.weight: Got unsupported ScalarType BFloat16
error saving model.layers.0.self_attn.v_proj.weight: Got unsupported ScalarType BFloat16
error saving model.layers.0.self_attn.o_proj.weight: Got unsupported ScalarType BFloat16
error saving model.layers.0.mlp.gate_proj.weight: Got unsupported ScalarType BFloat16
error saving model.layers.0.mlp.up_proj.weight: Got unsupported ScalarType BFloat16
error saving model.layers.0.mlp.down_proj.weight: Got unsupported ScalarType BFloat16
error saving model.layers.0.input_layernorm.weight: Got unsupported ScalarType BFloat16
error saving model.layers.0.post_attention_layernorm.weight: Got unsupported ScalarType BFloat16
error saving model.layers.1.self_attn.q_proj.weight: Got unsupported ScalarType BFloat16
error saving model.layers.1.self_attn.k_proj.weight: Got unsupported ScalarType BFloat16
error saving model.layers.1.self_attn.v_proj.weight: Got unsupported ScalarType BFloat16
error saving model.layers.1.self_attn.o_proj.weight: Got unsupported ScalarType BFloat16
error saving model.layers.1.mlp.gate_proj.weight: Got unsupported ScalarType BFloat16
error saving model.layers.1.mlp.up_proj.weight: Got unsupported ScalarType BFloat16
error saving model.layers.1.mlp.down_proj.weight: Got unsupported ScalarType BFloat16
error saving model.layers.1.input_layernorm.weight: Got unsupported ScalarType BFloat16
error saving model.layers.1.post_attention_layernorm.weight: Got unsupported ScalarType BFloat16
error saving model.layers.2.self_attn.q_proj.weight: Got unsupported ScalarType BFloat16
error saving model.layers.2.self_attn.k_proj.weight: Got unsupported ScalarType BFloat16
error saving model.layers.2.self_attn.v_proj.weight: Got unsupported ScalarType BFloat16
error saving model.layers.2.self_attn.o_proj.weight: Got unsupported ScalarType BFloat16
error saving model.layers.2.mlp.gate_proj.weight: Got unsupported ScalarType BFloat16
error saving model.layers.2.mlp.up_proj.weight: Got unsupported ScalarType BFloat16
error saving model.layers.2.mlp.down_proj.weight: Got unsupported ScalarType BFloat16
error saving model.layers.2.input_layernorm.weight: Got unsupported ScalarType BFloat16
error saving model.layers.2.post_attention_layernorm.weight: Got unsupported ScalarType BFloat16
error saving model.layers.3.self_attn.q_proj.weight: Got unsupported ScalarType BFloat16
error saving model.layers.3.self_attn.k_proj.weight: Got unsupported ScalarType BFloat16
error saving model.layers.3.self_attn.v_proj.weight: Got unsupported ScalarType BFloat16
error saving model.layers.3.self_attn.o_proj.weight: Got unsupported ScalarType BFloat16
error saving model.layers.3.mlp.gate_proj.weight: Got unsupported ScalarType BFloat16
error saving model.layers.3.mlp.up_proj.weight: Got unsupported ScalarType BFloat16
error saving model.layers.3.mlp.down_proj.weight: Got unsupported ScalarType BFloat16
error saving model.layers.3.input_layernorm.weight: Got unsupported ScalarType BFloat16
error saving model.layers.3.post_attention_layernorm.weight: Got unsupported ScalarType BFloat16
error saving model.layers.4.self_attn.q_proj.weight: Got unsupported ScalarType BFloat16
error saving model.layers.4.self_attn.k_proj.weight: Got unsupported ScalarType BFloat16
error saving model.layers.4.self_attn.v_proj.weight: Got unsupported ScalarType BFloat16
error saving model.layers.4.self_attn.o_proj.weight: Got unsupported ScalarType BFloat16
error saving model.layers.4.mlp.gate_proj.weight: Got unsupported ScalarType BFloat16
error saving model.layers.4.mlp.up_proj.weight: Got unsupported ScalarType BFloat16
error saving model.layers.4.mlp.down_proj.weight: Got unsupported ScalarType BFloat16
error saving model.layers.4.input_layernorm.weight: Got unsupported ScalarType BFloat16
error saving model.layers.4.post_attention_layernorm.weight: Got unsupported ScalarType BFloat16
error saving model.layers.5.self_attn.q_proj.weight: Got unsupported ScalarType BFloat16
error saving model.layers.5.self_attn.k_proj.weight: Got unsupported ScalarType BFloat16
error saving model.layers.5.self_attn.v_proj.weight: Got unsupported ScalarType BFloat16
error saving model.layers.5.self_attn.o_proj.weight: Got unsupported ScalarType BFloat16
error saving model.layers.5.mlp.gate_proj.weight: Got unsupported ScalarType BFloat16
error saving model.layers.5.mlp.up_proj.weight: Got unsupported ScalarType BFloat16
error saving model.layers.5.mlp.down_proj.weight: Got unsupported ScalarType BFloat16
error saving model.layers.5.input_layernorm.weight: Got unsupported ScalarType BFloat16
error saving model.layers.5.post_attention_layernorm.weight: Got unsupported ScalarType BFloat16
error saving model.layers.6.self_attn.q_proj.weight: Got unsupported ScalarType BFloat16
error saving model.layers.6.self_attn.k_proj.weight: Got unsupported ScalarType BFloat16
error saving model.layers.6.self_attn.v_proj.weight: Got unsupported ScalarType BFloat16
error saving model.layers.6.self_attn.o_proj.weight: Got unsupported ScalarType BFloat16
error saving model.layers.6.mlp.gate_proj.weight: Got unsupported ScalarType BFloat16
error saving model.layers.6.mlp.up_proj.weight: Got unsupported ScalarType BFloat16
error saving model.layers.6.mlp.down_proj.weight: Got unsupported ScalarType BFloat16
error saving model.layers.6.input_layernorm.weight: Got unsupported ScalarType BFloat16
error saving model.layers.6.post_attention_layernorm.weight: Got unsupported ScalarType BFloat16
error saving model.layers.7.self_attn.q_proj.weight: Got unsupported ScalarType BFloat16
error saving model.layers.7.self_attn.k_proj.weight: Got unsupported ScalarType BFloat16
error saving model.layers.7.self_attn.v_proj.weight: Got unsupported ScalarType BFloat16
error saving model.layers.7.self_attn.o_proj.weight: Got unsupported ScalarType BFloat16
error saving model.layers.7.mlp.gate_proj.weight: Got unsupported ScalarType BFloat16
error saving model.layers.7.mlp.up_proj.weight: Got unsupported ScalarType BFloat16
error saving model.layers.7.mlp.down_proj.weight: Got unsupported ScalarType BFloat16
error saving model.layers.7.input_layernorm.weight: Got unsupported ScalarType BFloat16
error saving model.layers.7.post_attention_layernorm.weight: Got unsupported ScalarType BFloat16
error saving model.layers.8.self_attn.q_proj.weight: Got unsupported ScalarType BFloat16
error saving model.layers.8.self_attn.k_proj.weight: Got unsupported ScalarType BFloat16
error saving model.layers.8.self_attn.v_proj.weight: Got unsupported ScalarType BFloat16
error saving model.layers.8.self_attn.o_proj.weight: Got unsupported ScalarType BFloat16
error saving model.layers.8.mlp.gate_proj.weight: Got unsupported ScalarType BFloat16
error saving model.layers.8.mlp.up_proj.weight: Got unsupported ScalarType BFloat16
error saving model.layers.8.mlp.down_proj.weight: Got unsupported ScalarType BFloat16
error saving model.layers.8.input_layernorm.weight: Got unsupported ScalarType BFloat16
error saving model.layers.8.post_attention_layernorm.weight: Got unsupported ScalarType BFloat16
error saving model.layers.9.self_attn.q_proj.weight: Got unsupported ScalarType BFloat16
error saving model.layers.9.self_attn.k_proj.weight: Got unsupported ScalarType BFloat16
error saving model.layers.9.self_attn.v_proj.weight: Got unsupported ScalarType BFloat16
error saving model.layers.9.self_attn.o_proj.weight: Got unsupported ScalarType BFloat16
error saving model.layers.9.mlp.gate_proj.weight: Got unsupported ScalarType BFloat16
error saving model.layers.9.mlp.up_proj.weight: Got unsupported ScalarType BFloat16
error saving model.layers.9.mlp.down_proj.weight: Got unsupported ScalarType BFloat16
error saving model.layers.9.input_layernorm.weight: Got unsupported ScalarType BFloat16
error saving model.layers.9.post_attention_layernorm.weight: Got unsupported ScalarType BFloat16
error saving model.layers.10.self_attn.q_proj.weight: Got unsupported ScalarType BFloat16
error saving model.layers.10.self_attn.k_proj.weight: Got unsupported ScalarType BFloat16
error saving model.layers.10.self_attn.v_proj.weight: Got unsupported ScalarType BFloat16
error saving model.layers.10.self_attn.o_proj.weight: Got unsupported ScalarType BFloat16
error saving model.layers.10.mlp.gate_proj.weight: Got unsupported ScalarType BFloat16
error saving model.layers.10.mlp.up_proj.weight: Got unsupported ScalarType BFloat16
error saving model.layers.10.mlp.down_proj.weight: Got unsupported ScalarType BFloat16
error saving model.layers.10.input_layernorm.weight: Got unsupported ScalarType BFloat16
error saving model.layers.10.post_attention_layernorm.weight: Got unsupported ScalarType BFloat16
error saving model.layers.11.self_attn.q_proj.weight: Got unsupported ScalarType BFloat16
error saving model.layers.11.self_attn.k_proj.weight: Got unsupported ScalarType BFloat16
error saving model.layers.11.self_attn.v_proj.weight: Got unsupported ScalarType BFloat16
error saving model.layers.11.self_attn.o_proj.weight: Got unsupported ScalarType BFloat16
error saving model.layers.11.mlp.gate_proj.weight: Got unsupported ScalarType BFloat16
error saving model.layers.11.mlp.up_proj.weight: Got unsupported ScalarType BFloat16
error saving model.layers.11.mlp.down_proj.weight: Got unsupported ScalarType BFloat16
error saving model.layers.11.input_layernorm.weight: Got unsupported ScalarType BFloat16
error saving model.layers.11.post_attention_layernorm.weight: Got unsupported ScalarType BFloat16
error saving model.layers.12.self_attn.q_proj.weight: Got unsupported ScalarType BFloat16
error saving model.layers.12.self_attn.k_proj.weight: Got unsupported ScalarType BFloat16
error saving model.layers.12.self_attn.v_proj.weight: Got unsupported ScalarType BFloat16
error saving model.layers.12.self_attn.o_proj.weight: Got unsupported ScalarType BFloat16
error saving model.layers.12.mlp.gate_proj.weight: Got unsupported ScalarType BFloat16
error saving model.layers.12.mlp.up_proj.weight: Got unsupported ScalarType BFloat16
error saving model.layers.12.mlp.down_proj.weight: Got unsupported ScalarType BFloat16
error saving model.layers.12.input_layernorm.weight: Got unsupported ScalarType BFloat16
error saving model.layers.12.post_attention_layernorm.weight: Got unsupported ScalarType BFloat16
error saving model.layers.13.self_attn.q_proj.weight: Got unsupported ScalarType BFloat16
error saving model.layers.13.self_attn.k_proj.weight: Got unsupported ScalarType BFloat16
error saving model.layers.13.self_attn.v_proj.weight: Got unsupported ScalarType BFloat16
error saving model.layers.13.self_attn.o_proj.weight: Got unsupported ScalarType BFloat16
error saving model.layers.13.mlp.gate_proj.weight: Got unsupported ScalarType BFloat16
error saving model.layers.13.mlp.up_proj.weight: Got unsupported ScalarType BFloat16
error saving model.layers.13.mlp.down_proj.weight: Got unsupported ScalarType BFloat16
error saving model.layers.13.input_layernorm.weight: Got unsupported ScalarType BFloat16
error saving model.layers.13.post_attention_layernorm.weight: Got unsupported ScalarType BFloat16
error saving model.layers.14.self_attn.q_proj.weight: Got unsupported ScalarType BFloat16
error saving model.layers.14.self_attn.k_proj.weight: Got unsupported ScalarType BFloat16
error saving model.layers.14.self_attn.v_proj.weight: Got unsupported ScalarType BFloat16
error saving model.layers.14.self_attn.o_proj.weight: Got unsupported ScalarType BFloat16
error saving model.layers.14.mlp.gate_proj.weight: Got unsupported ScalarType BFloat16
error saving model.layers.14.mlp.up_proj.weight: Got unsupported ScalarType BFloat16
error saving model.layers.14.mlp.down_proj.weight: Got unsupported ScalarType BFloat16
error saving model.layers.14.input_layernorm.weight: Got unsupported ScalarType BFloat16
error saving model.layers.14.post_attention_layernorm.weight: Got unsupported ScalarType BFloat16
error saving model.layers.15.self_attn.q_proj.weight: Got unsupported ScalarType BFloat16
error saving model.layers.15.self_attn.k_proj.weight: Got unsupported ScalarType BFloat16
error saving model.layers.15.self_attn.v_proj.weight: Got unsupported ScalarType BFloat16
error saving model.layers.15.self_attn.o_proj.weight: Got unsupported ScalarType BFloat16
error saving model.layers.15.mlp.gate_proj.weight: Got unsupported ScalarType BFloat16
error saving model.layers.15.mlp.up_proj.weight: Got unsupported ScalarType BFloat16
error saving model.layers.15.mlp.down_proj.weight: Got unsupported ScalarType BFloat16
error saving model.layers.15.input_layernorm.weight: Got unsupported ScalarType BFloat16
error saving model.layers.15.post_attention_layernorm.weight: Got unsupported ScalarType BFloat16
error saving model.layers.16.self_attn.q_proj.weight: Got unsupported ScalarType BFloat16
error saving model.layers.16.self_attn.k_proj.weight: Got unsupported ScalarType BFloat16
error saving model.layers.16.self_attn.v_proj.weight: Got unsupported ScalarType BFloat16
error saving model.layers.16.self_attn.o_proj.weight: Got unsupported ScalarType BFloat16
error saving model.layers.16.mlp.gate_proj.weight: Got unsupported ScalarType BFloat16
error saving model.layers.16.mlp.up_proj.weight: Got unsupported ScalarType BFloat16
error saving model.layers.16.mlp.down_proj.weight: Got unsupported ScalarType BFloat16
error saving model.layers.16.input_layernorm.weight: Got unsupported ScalarType BFloat16
error saving model.layers.16.post_attention_layernorm.weight: Got unsupported ScalarType BFloat16
error saving model.layers.17.self_attn.q_proj.weight: Got unsupported ScalarType BFloat16
error saving model.layers.17.self_attn.k_proj.weight: Got unsupported ScalarType BFloat16
error saving model.layers.17.self_attn.v_proj.weight: Got unsupported ScalarType BFloat16
error saving model.layers.17.self_attn.o_proj.weight: Got unsupported ScalarType BFloat16
error saving model.layers.17.mlp.gate_proj.weight: Got unsupported ScalarType BFloat16
error saving model.layers.17.mlp.up_proj.weight: Got unsupported ScalarType BFloat16
error saving model.layers.17.mlp.down_proj.weight: Got unsupported ScalarType BFloat16
error saving model.layers.17.input_layernorm.weight: Got unsupported ScalarType BFloat16
error saving model.layers.17.post_attention_layernorm.weight: Got unsupported ScalarType BFloat16
error saving model.layers.18.self_attn.q_proj.weight: Got unsupported ScalarType BFloat16
error saving model.layers.18.self_attn.k_proj.weight: Got unsupported ScalarType BFloat16
error saving model.layers.18.self_attn.v_proj.weight: Got unsupported ScalarType BFloat16
error saving model.layers.18.self_attn.o_proj.weight: Got unsupported ScalarType BFloat16
error saving model.layers.18.mlp.gate_proj.weight: Got unsupported ScalarType BFloat16
error saving model.layers.18.mlp.up_proj.weight: Got unsupported ScalarType BFloat16
error saving model.layers.18.mlp.down_proj.weight: Got unsupported ScalarType BFloat16
error saving model.layers.18.input_layernorm.weight: Got unsupported ScalarType BFloat16
error saving model.layers.18.post_attention_layernorm.weight: Got unsupported ScalarType BFloat16
error saving model.layers.19.self_attn.q_proj.weight: Got unsupported ScalarType BFloat16
error saving model.layers.19.self_attn.k_proj.weight: Got unsupported ScalarType BFloat16
error saving model.layers.19.self_attn.v_proj.weight: Got unsupported ScalarType BFloat16
error saving model.layers.19.self_attn.o_proj.weight: Got unsupported ScalarType BFloat16
error saving model.layers.19.mlp.gate_proj.weight: Got unsupported ScalarType BFloat16
error saving model.layers.19.mlp.up_proj.weight: Got unsupported ScalarType BFloat16
error saving model.layers.19.mlp.down_proj.weight: Got unsupported ScalarType BFloat16
error saving model.layers.19.input_layernorm.weight: Got unsupported ScalarType BFloat16
error saving model.layers.19.post_attention_layernorm.weight: Got unsupported ScalarType BFloat16
error saving model.layers.20.self_attn.q_proj.weight: Got unsupported ScalarType BFloat16
error saving model.layers.20.self_attn.k_proj.weight: Got unsupported ScalarType BFloat16
error saving model.layers.20.self_attn.v_proj.weight: Got unsupported ScalarType BFloat16
error saving model.layers.20.self_attn.o_proj.weight: Got unsupported ScalarType BFloat16
error saving model.layers.20.mlp.gate_proj.weight: Got unsupported ScalarType BFloat16
error saving model.layers.20.mlp.up_proj.weight: Got unsupported ScalarType BFloat16
error saving model.layers.20.mlp.down_proj.weight: Got unsupported ScalarType BFloat16
error saving model.layers.20.input_layernorm.weight: Got unsupported ScalarType BFloat16
error saving model.layers.20.post_attention_layernorm.weight: Got unsupported ScalarType BFloat16
error saving model.layers.21.self_attn.q_proj.weight: Got unsupported ScalarType BFloat16
error saving model.layers.21.self_attn.k_proj.weight: Got unsupported ScalarType BFloat16
error saving model.layers.21.self_attn.v_proj.weight: Got unsupported ScalarType BFloat16
error saving model.layers.21.self_attn.o_proj.weight: Got unsupported ScalarType BFloat16
error saving model.layers.21.mlp.gate_proj.weight: Got unsupported ScalarType BFloat16
error saving model.layers.21.mlp.up_proj.weight: Got unsupported ScalarType BFloat16
error saving model.layers.21.mlp.down_proj.weight: Got unsupported ScalarType BFloat16
error saving model.layers.21.input_layernorm.weight: Got unsupported ScalarType BFloat16
error saving model.layers.21.post_attention_layernorm.weight: Got unsupported ScalarType BFloat16
error saving model.layers.22.self_attn.q_proj.weight: Got unsupported ScalarType BFloat16
error saving model.layers.22.self_attn.k_proj.weight: Got unsupported ScalarType BFloat16
error saving model.layers.22.self_attn.v_proj.weight: Got unsupported ScalarType BFloat16
error saving model.layers.22.self_attn.o_proj.weight: Got unsupported ScalarType BFloat16
error saving model.layers.22.mlp.gate_proj.weight: Got unsupported ScalarType BFloat16
error saving model.layers.22.mlp.up_proj.weight: Got unsupported ScalarType BFloat16
error saving model.layers.22.mlp.down_proj.weight: Got unsupported ScalarType BFloat16
error saving model.layers.22.input_layernorm.weight: Got unsupported ScalarType BFloat16
error saving model.layers.22.post_attention_layernorm.weight: Got unsupported ScalarType BFloat16
error saving model.layers.23.self_attn.q_proj.weight: Got unsupported ScalarType BFloat16
error saving model.layers.23.self_attn.k_proj.weight: Got unsupported ScalarType BFloat16
error saving model.layers.23.self_attn.v_proj.weight: Got unsupported ScalarType BFloat16
error saving model.layers.23.self_attn.o_proj.weight: Got unsupported ScalarType BFloat16
error saving model.layers.23.mlp.gate_proj.weight: Got unsupported ScalarType BFloat16
error saving model.layers.23.mlp.up_proj.weight: Got unsupported ScalarType BFloat16
error saving model.layers.23.mlp.down_proj.weight: Got unsupported ScalarType BFloat16
error saving model.layers.23.input_layernorm.weight: Got unsupported ScalarType BFloat16
error saving model.layers.23.post_attention_layernorm.weight: Got unsupported ScalarType BFloat16
error saving model.layers.24.self_attn.q_proj.weight: Got unsupported ScalarType BFloat16
error saving model.layers.24.self_attn.k_proj.weight: Got unsupported ScalarType BFloat16
error saving model.layers.24.self_attn.v_proj.weight: Got unsupported ScalarType BFloat16
error saving model.layers.24.self_attn.o_proj.weight: Got unsupported ScalarType BFloat16
error saving model.layers.24.mlp.gate_proj.weight: Got unsupported ScalarType BFloat16
error saving model.layers.24.mlp.up_proj.weight: Got unsupported ScalarType BFloat16
error saving model.layers.24.mlp.down_proj.weight: Got unsupported ScalarType BFloat16
error saving model.layers.24.input_layernorm.weight: Got unsupported ScalarType BFloat16
error saving model.layers.24.post_attention_layernorm.weight: Got unsupported ScalarType BFloat16
error saving model.layers.25.self_attn.q_proj.weight: Got unsupported ScalarType BFloat16
error saving model.layers.25.self_attn.k_proj.weight: Got unsupported ScalarType BFloat16
error saving model.layers.25.self_attn.v_proj.weight: Got unsupported ScalarType BFloat16
error saving model.layers.25.self_attn.o_proj.weight: Got unsupported ScalarType BFloat16
error saving model.layers.25.mlp.gate_proj.weight: Got unsupported ScalarType BFloat16
error saving model.layers.25.mlp.up_proj.weight: Got unsupported ScalarType BFloat16
error saving model.layers.25.mlp.down_proj.weight: Got unsupported ScalarType BFloat16
error saving model.layers.25.input_layernorm.weight: Got unsupported ScalarType BFloat16
error saving model.layers.25.post_attention_layernorm.weight: Got unsupported ScalarType BFloat16
error saving model.layers.26.self_attn.q_proj.weight: Got unsupported ScalarType BFloat16
error saving model.layers.26.self_attn.k_proj.weight: Got unsupported ScalarType BFloat16
error saving model.layers.26.self_attn.v_proj.weight: Got unsupported ScalarType BFloat16
error saving model.layers.26.self_attn.o_proj.weight: Got unsupported ScalarType BFloat16
error saving model.layers.26.mlp.gate_proj.weight: Got unsupported ScalarType BFloat16
error saving model.layers.26.mlp.up_proj.weight: Got unsupported ScalarType BFloat16
error saving model.layers.26.mlp.down_proj.weight: Got unsupported ScalarType BFloat16
error saving model.layers.26.input_layernorm.weight: Got unsupported ScalarType BFloat16
error saving model.layers.26.post_attention_layernorm.weight: Got unsupported ScalarType BFloat16
error saving model.layers.27.self_attn.q_proj.weight: Got unsupported ScalarType BFloat16
error saving model.layers.27.self_attn.k_proj.weight: Got unsupported ScalarType BFloat16
error saving model.layers.27.self_attn.v_proj.weight: Got unsupported ScalarType BFloat16
error saving model.layers.27.self_attn.o_proj.weight: Got unsupported ScalarType BFloat16
error saving model.layers.27.mlp.gate_proj.weight: Got unsupported ScalarType BFloat16
error saving model.layers.27.mlp.up_proj.weight: Got unsupported ScalarType BFloat16
error saving model.layers.27.mlp.down_proj.weight: Got unsupported ScalarType BFloat16
error saving model.layers.27.input_layernorm.weight: Got unsupported ScalarType BFloat16
error saving model.layers.27.post_attention_layernorm.weight: Got unsupported ScalarType BFloat16
error saving model.norm.weight: Got unsupported ScalarType BFloat16
error saving lm_head.weight: Got unsupported ScalarType BFloat16
saving: 100%|██████████| 255/255 [00:00<00:00, 3810.16it/s]
✓ saved 0 parameters in 69.3 ms
✓ total size: 0.00 b

TENSORSTORE: loading
loading: 0it [00:00, ?it/s]loading: 0it [00:00, ?it/s]
✓ loaded 0 parameters in 1.5 ms

======================================================================
TENSORSTORE RESULTS
======================================================================
save time: 69.3 ms
load time: 1.5 ms
file size: 0.00 b
parameters: 0

======================================================================
GENERATING PLOTS
======================================================================
✓ plot saved: /mnt/common/zchowdhury1/tensorstore/llama-work/cluster/results/20251204_063850_sweep_chunk_Llama-3.2-3B-Instruct/chunk128_Llama-3.2-3B-Instruct/plots/comparison.png

======================================================================
SWEEP RUN COMPLETE
======================================================================

results: /mnt/common/zchowdhury1/tensorstore/llama-work/cluster/results/20251204_063850_sweep_chunk_Llama-3.2-3B-Instruct/chunk128_Llama-3.2-3B-Instruct/all_phases_results.json
plots: /mnt/common/zchowdhury1/tensorstore/llama-work/cluster/results/20251204_063850_sweep_chunk_Llama-3.2-3B-Instruct/chunk128_Llama-3.2-3B-Instruct/plots
checkpoints: /mnt/common/zchowdhury1/tensorstore/llama-work/cluster/saved_models/20251204_063850_sweep_chunk_Llama-3.2-3B-Instruct/chunk128_Llama-3.2-3B-Instruct

======================================================================

==========================================
running with chunk = 256
==========================================
✓ detected model default dtype: bfloat16 (torch_dtype='bfloat16' from config.json)

auto-detected dtype: bfloat16
======================================================================
TENSORSTORE SWEEP: meta-llama/Llama-3.2-3B-Instruct
model type: llama
run id: 20251204_063850_sweep_chunk_Llama-3.2-3B-Instruct/chunk256_Llama-3.2-3B-Instruct
dtype: bfloat16
chunk size: 256 MB
concurrency: default (tensorstore)
clear cache: False
======================================================================

model checkpoints directory: /mnt/common/zchowdhury1/tensorstore/llama-work/cluster/saved_models/20251204_063850_sweep_chunk_Llama-3.2-3B-Instruct/chunk256_Llama-3.2-3B-Instruct
results directory: /mnt/common/zchowdhury1/tensorstore/llama-work/cluster/results/20251204_063850_sweep_chunk_Llama-3.2-3B-Instruct/chunk256_Llama-3.2-3B-Instruct

loading model: meta-llama/Llama-3.2-3B-Instruct
device: cpu
Loading checkpoint shards:   0%|          | 0/2 [00:00<?, ?it/s]Loading checkpoint shards:  50%|█████     | 1/2 [00:00<00:00,  5.10it/s]Loading checkpoint shards: 100%|██████████| 2/2 [00:00<00:00,  7.46it/s]
✓ model loaded: 3212.7m parameters

======================================================================
PHASE 2: TENSORSTORE (BASIC)
======================================================================

======================================================================
TENSORSTORE: saving
======================================================================
saving:   0%|          | 0/255 [00:00<?, ?it/s]error saving model.embed_tokens.weight: Got unsupported ScalarType BFloat16
error saving model.layers.0.self_attn.q_proj.weight: Got unsupported ScalarType BFloat16
error saving model.layers.0.self_attn.k_proj.weight: Got unsupported ScalarType BFloat16
error saving model.layers.0.self_attn.v_proj.weight: Got unsupported ScalarType BFloat16
error saving model.layers.0.self_attn.o_proj.weight: Got unsupported ScalarType BFloat16
error saving model.layers.0.mlp.gate_proj.weight: Got unsupported ScalarType BFloat16
error saving model.layers.0.mlp.up_proj.weight: Got unsupported ScalarType BFloat16
error saving model.layers.0.mlp.down_proj.weight: Got unsupported ScalarType BFloat16
error saving model.layers.0.input_layernorm.weight: Got unsupported ScalarType BFloat16
error saving model.layers.0.post_attention_layernorm.weight: Got unsupported ScalarType BFloat16
error saving model.layers.1.self_attn.q_proj.weight: Got unsupported ScalarType BFloat16
error saving model.layers.1.self_attn.k_proj.weight: Got unsupported ScalarType BFloat16
error saving model.layers.1.self_attn.v_proj.weight: Got unsupported ScalarType BFloat16
error saving model.layers.1.self_attn.o_proj.weight: Got unsupported ScalarType BFloat16
error saving model.layers.1.mlp.gate_proj.weight: Got unsupported ScalarType BFloat16
error saving model.layers.1.mlp.up_proj.weight: Got unsupported ScalarType BFloat16
error saving model.layers.1.mlp.down_proj.weight: Got unsupported ScalarType BFloat16
error saving model.layers.1.input_layernorm.weight: Got unsupported ScalarType BFloat16
error saving model.layers.1.post_attention_layernorm.weight: Got unsupported ScalarType BFloat16
error saving model.layers.2.self_attn.q_proj.weight: Got unsupported ScalarType BFloat16
error saving model.layers.2.self_attn.k_proj.weight: Got unsupported ScalarType BFloat16
error saving model.layers.2.self_attn.v_proj.weight: Got unsupported ScalarType BFloat16
error saving model.layers.2.self_attn.o_proj.weight: Got unsupported ScalarType BFloat16
error saving model.layers.2.mlp.gate_proj.weight: Got unsupported ScalarType BFloat16
error saving model.layers.2.mlp.up_proj.weight: Got unsupported ScalarType BFloat16
error saving model.layers.2.mlp.down_proj.weight: Got unsupported ScalarType BFloat16
error saving model.layers.2.input_layernorm.weight: Got unsupported ScalarType BFloat16
error saving model.layers.2.post_attention_layernorm.weight: Got unsupported ScalarType BFloat16
error saving model.layers.3.self_attn.q_proj.weight: Got unsupported ScalarType BFloat16
error saving model.layers.3.self_attn.k_proj.weight: Got unsupported ScalarType BFloat16
error saving model.layers.3.self_attn.v_proj.weight: Got unsupported ScalarType BFloat16
error saving model.layers.3.self_attn.o_proj.weight: Got unsupported ScalarType BFloat16
error saving model.layers.3.mlp.gate_proj.weight: Got unsupported ScalarType BFloat16
error saving model.layers.3.mlp.up_proj.weight: Got unsupported ScalarType BFloat16
error saving model.layers.3.mlp.down_proj.weight: Got unsupported ScalarType BFloat16
error saving model.layers.3.input_layernorm.weight: Got unsupported ScalarType BFloat16
error saving model.layers.3.post_attention_layernorm.weight: Got unsupported ScalarType BFloat16
error saving model.layers.4.self_attn.q_proj.weight: Got unsupported ScalarType BFloat16
error saving model.layers.4.self_attn.k_proj.weight: Got unsupported ScalarType BFloat16
error saving model.layers.4.self_attn.v_proj.weight: Got unsupported ScalarType BFloat16
error saving model.layers.4.self_attn.o_proj.weight: Got unsupported ScalarType BFloat16
error saving model.layers.4.mlp.gate_proj.weight: Got unsupported ScalarType BFloat16
error saving model.layers.4.mlp.up_proj.weight: Got unsupported ScalarType BFloat16
error saving model.layers.4.mlp.down_proj.weight: Got unsupported ScalarType BFloat16
error saving model.layers.4.input_layernorm.weight: Got unsupported ScalarType BFloat16
error saving model.layers.4.post_attention_layernorm.weight: Got unsupported ScalarType BFloat16
error saving model.layers.5.self_attn.q_proj.weight: Got unsupported ScalarType BFloat16
error saving model.layers.5.self_attn.k_proj.weight: Got unsupported ScalarType BFloat16
error saving model.layers.5.self_attn.v_proj.weight: Got unsupported ScalarType BFloat16
error saving model.layers.5.self_attn.o_proj.weight: Got unsupported ScalarType BFloat16
error saving model.layers.5.mlp.gate_proj.weight: Got unsupported ScalarType BFloat16
error saving model.layers.5.mlp.up_proj.weight: Got unsupported ScalarType BFloat16
error saving model.layers.5.mlp.down_proj.weight: Got unsupported ScalarType BFloat16
error saving model.layers.5.input_layernorm.weight: Got unsupported ScalarType BFloat16
error saving model.layers.5.post_attention_layernorm.weight: Got unsupported ScalarType BFloat16
error saving model.layers.6.self_attn.q_proj.weight: Got unsupported ScalarType BFloat16
error saving model.layers.6.self_attn.k_proj.weight: Got unsupported ScalarType BFloat16
error saving model.layers.6.self_attn.v_proj.weight: Got unsupported ScalarType BFloat16
error saving model.layers.6.self_attn.o_proj.weight: Got unsupported ScalarType BFloat16
error saving model.layers.6.mlp.gate_proj.weight: Got unsupported ScalarType BFloat16
error saving model.layers.6.mlp.up_proj.weight: Got unsupported ScalarType BFloat16
error saving model.layers.6.mlp.down_proj.weight: Got unsupported ScalarType BFloat16
error saving model.layers.6.input_layernorm.weight: Got unsupported ScalarType BFloat16
error saving model.layers.6.post_attention_layernorm.weight: Got unsupported ScalarType BFloat16
error saving model.layers.7.self_attn.q_proj.weight: Got unsupported ScalarType BFloat16
error saving model.layers.7.self_attn.k_proj.weight: Got unsupported ScalarType BFloat16
error saving model.layers.7.self_attn.v_proj.weight: Got unsupported ScalarType BFloat16
error saving model.layers.7.self_attn.o_proj.weight: Got unsupported ScalarType BFloat16
error saving model.layers.7.mlp.gate_proj.weight: Got unsupported ScalarType BFloat16
error saving model.layers.7.mlp.up_proj.weight: Got unsupported ScalarType BFloat16
error saving model.layers.7.mlp.down_proj.weight: Got unsupported ScalarType BFloat16
error saving model.layers.7.input_layernorm.weight: Got unsupported ScalarType BFloat16
error saving model.layers.7.post_attention_layernorm.weight: Got unsupported ScalarType BFloat16
error saving model.layers.8.self_attn.q_proj.weight: Got unsupported ScalarType BFloat16
error saving model.layers.8.self_attn.k_proj.weight: Got unsupported ScalarType BFloat16
error saving model.layers.8.self_attn.v_proj.weight: Got unsupported ScalarType BFloat16
error saving model.layers.8.self_attn.o_proj.weight: Got unsupported ScalarType BFloat16
error saving model.layers.8.mlp.gate_proj.weight: Got unsupported ScalarType BFloat16
error saving model.layers.8.mlp.up_proj.weight: Got unsupported ScalarType BFloat16
error saving model.layers.8.mlp.down_proj.weight: Got unsupported ScalarType BFloat16
error saving model.layers.8.input_layernorm.weight: Got unsupported ScalarType BFloat16
error saving model.layers.8.post_attention_layernorm.weight: Got unsupported ScalarType BFloat16
error saving model.layers.9.self_attn.q_proj.weight: Got unsupported ScalarType BFloat16
error saving model.layers.9.self_attn.k_proj.weight: Got unsupported ScalarType BFloat16
error saving model.layers.9.self_attn.v_proj.weight: Got unsupported ScalarType BFloat16
error saving model.layers.9.self_attn.o_proj.weight: Got unsupported ScalarType BFloat16
error saving model.layers.9.mlp.gate_proj.weight: Got unsupported ScalarType BFloat16
error saving model.layers.9.mlp.up_proj.weight: Got unsupported ScalarType BFloat16
error saving model.layers.9.mlp.down_proj.weight: Got unsupported ScalarType BFloat16
error saving model.layers.9.input_layernorm.weight: Got unsupported ScalarType BFloat16
error saving model.layers.9.post_attention_layernorm.weight: Got unsupported ScalarType BFloat16
error saving model.layers.10.self_attn.q_proj.weight: Got unsupported ScalarType BFloat16
error saving model.layers.10.self_attn.k_proj.weight: Got unsupported ScalarType BFloat16
error saving model.layers.10.self_attn.v_proj.weight: Got unsupported ScalarType BFloat16
error saving model.layers.10.self_attn.o_proj.weight: Got unsupported ScalarType BFloat16
error saving model.layers.10.mlp.gate_proj.weight: Got unsupported ScalarType BFloat16
error saving model.layers.10.mlp.up_proj.weight: Got unsupported ScalarType BFloat16
error saving model.layers.10.mlp.down_proj.weight: Got unsupported ScalarType BFloat16
error saving model.layers.10.input_layernorm.weight: Got unsupported ScalarType BFloat16
error saving model.layers.10.post_attention_layernorm.weight: Got unsupported ScalarType BFloat16
error saving model.layers.11.self_attn.q_proj.weight: Got unsupported ScalarType BFloat16
error saving model.layers.11.self_attn.k_proj.weight: Got unsupported ScalarType BFloat16
error saving model.layers.11.self_attn.v_proj.weight: Got unsupported ScalarType BFloat16
error saving model.layers.11.self_attn.o_proj.weight: Got unsupported ScalarType BFloat16
error saving model.layers.11.mlp.gate_proj.weight: Got unsupported ScalarType BFloat16
error saving model.layers.11.mlp.up_proj.weight: Got unsupported ScalarType BFloat16
error saving model.layers.11.mlp.down_proj.weight: Got unsupported ScalarType BFloat16
error saving model.layers.11.input_layernorm.weight: Got unsupported ScalarType BFloat16
error saving model.layers.11.post_attention_layernorm.weight: Got unsupported ScalarType BFloat16
error saving model.layers.12.self_attn.q_proj.weight: Got unsupported ScalarType BFloat16
error saving model.layers.12.self_attn.k_proj.weight: Got unsupported ScalarType BFloat16
error saving model.layers.12.self_attn.v_proj.weight: Got unsupported ScalarType BFloat16
error saving model.layers.12.self_attn.o_proj.weight: Got unsupported ScalarType BFloat16
error saving model.layers.12.mlp.gate_proj.weight: Got unsupported ScalarType BFloat16
error saving model.layers.12.mlp.up_proj.weight: Got unsupported ScalarType BFloat16
error saving model.layers.12.mlp.down_proj.weight: Got unsupported ScalarType BFloat16
error saving model.layers.12.input_layernorm.weight: Got unsupported ScalarType BFloat16
error saving model.layers.12.post_attention_layernorm.weight: Got unsupported ScalarType BFloat16
error saving model.layers.13.self_attn.q_proj.weight: Got unsupported ScalarType BFloat16
error saving model.layers.13.self_attn.k_proj.weight: Got unsupported ScalarType BFloat16
error saving model.layers.13.self_attn.v_proj.weight: Got unsupported ScalarType BFloat16
error saving model.layers.13.self_attn.o_proj.weight: Got unsupported ScalarType BFloat16
error saving model.layers.13.mlp.gate_proj.weight: Got unsupported ScalarType BFloat16
error saving model.layers.13.mlp.up_proj.weight: Got unsupported ScalarType BFloat16
error saving model.layers.13.mlp.down_proj.weight: Got unsupported ScalarType BFloat16
error saving model.layers.13.input_layernorm.weight: Got unsupported ScalarType BFloat16
error saving model.layers.13.post_attention_layernorm.weight: Got unsupported ScalarType BFloat16
error saving model.layers.14.self_attn.q_proj.weight: Got unsupported ScalarType BFloat16
error saving model.layers.14.self_attn.k_proj.weight: Got unsupported ScalarType BFloat16
error saving model.layers.14.self_attn.v_proj.weight: Got unsupported ScalarType BFloat16
error saving model.layers.14.self_attn.o_proj.weight: Got unsupported ScalarType BFloat16
error saving model.layers.14.mlp.gate_proj.weight: Got unsupported ScalarType BFloat16
error saving model.layers.14.mlp.up_proj.weight: Got unsupported ScalarType BFloat16
error saving model.layers.14.mlp.down_proj.weight: Got unsupported ScalarType BFloat16
error saving model.layers.14.input_layernorm.weight: Got unsupported ScalarType BFloat16
error saving model.layers.14.post_attention_layernorm.weight: Got unsupported ScalarType BFloat16
error saving model.layers.15.self_attn.q_proj.weight: Got unsupported ScalarType BFloat16
error saving model.layers.15.self_attn.k_proj.weight: Got unsupported ScalarType BFloat16
error saving model.layers.15.self_attn.v_proj.weight: Got unsupported ScalarType BFloat16
error saving model.layers.15.self_attn.o_proj.weight: Got unsupported ScalarType BFloat16
error saving model.layers.15.mlp.gate_proj.weight: Got unsupported ScalarType BFloat16
error saving model.layers.15.mlp.up_proj.weight: Got unsupported ScalarType BFloat16
error saving model.layers.15.mlp.down_proj.weight: Got unsupported ScalarType BFloat16
error saving model.layers.15.input_layernorm.weight: Got unsupported ScalarType BFloat16
error saving model.layers.15.post_attention_layernorm.weight: Got unsupported ScalarType BFloat16
error saving model.layers.16.self_attn.q_proj.weight: Got unsupported ScalarType BFloat16
error saving model.layers.16.self_attn.k_proj.weight: Got unsupported ScalarType BFloat16
error saving model.layers.16.self_attn.v_proj.weight: Got unsupported ScalarType BFloat16
error saving model.layers.16.self_attn.o_proj.weight: Got unsupported ScalarType BFloat16
error saving model.layers.16.mlp.gate_proj.weight: Got unsupported ScalarType BFloat16
error saving model.layers.16.mlp.up_proj.weight: Got unsupported ScalarType BFloat16
error saving model.layers.16.mlp.down_proj.weight: Got unsupported ScalarType BFloat16
error saving model.layers.16.input_layernorm.weight: Got unsupported ScalarType BFloat16
error saving model.layers.16.post_attention_layernorm.weight: Got unsupported ScalarType BFloat16
error saving model.layers.17.self_attn.q_proj.weight: Got unsupported ScalarType BFloat16
error saving model.layers.17.self_attn.k_proj.weight: Got unsupported ScalarType BFloat16
error saving model.layers.17.self_attn.v_proj.weight: Got unsupported ScalarType BFloat16
error saving model.layers.17.self_attn.o_proj.weight: Got unsupported ScalarType BFloat16
error saving model.layers.17.mlp.gate_proj.weight: Got unsupported ScalarType BFloat16
error saving model.layers.17.mlp.up_proj.weight: Got unsupported ScalarType BFloat16
error saving model.layers.17.mlp.down_proj.weight: Got unsupported ScalarType BFloat16
error saving model.layers.17.input_layernorm.weight: Got unsupported ScalarType BFloat16
error saving model.layers.17.post_attention_layernorm.weight: Got unsupported ScalarType BFloat16
error saving model.layers.18.self_attn.q_proj.weight: Got unsupported ScalarType BFloat16
error saving model.layers.18.self_attn.k_proj.weight: Got unsupported ScalarType BFloat16
error saving model.layers.18.self_attn.v_proj.weight: Got unsupported ScalarType BFloat16
error saving model.layers.18.self_attn.o_proj.weight: Got unsupported ScalarType BFloat16
error saving model.layers.18.mlp.gate_proj.weight: Got unsupported ScalarType BFloat16
error saving model.layers.18.mlp.up_proj.weight: Got unsupported ScalarType BFloat16
error saving model.layers.18.mlp.down_proj.weight: Got unsupported ScalarType BFloat16
error saving model.layers.18.input_layernorm.weight: Got unsupported ScalarType BFloat16
error saving model.layers.18.post_attention_layernorm.weight: Got unsupported ScalarType BFloat16
error saving model.layers.19.self_attn.q_proj.weight: Got unsupported ScalarType BFloat16
error saving model.layers.19.self_attn.k_proj.weight: Got unsupported ScalarType BFloat16
error saving model.layers.19.self_attn.v_proj.weight: Got unsupported ScalarType BFloat16
error saving model.layers.19.self_attn.o_proj.weight: Got unsupported ScalarType BFloat16
error saving model.layers.19.mlp.gate_proj.weight: Got unsupported ScalarType BFloat16
error saving model.layers.19.mlp.up_proj.weight: Got unsupported ScalarType BFloat16
error saving model.layers.19.mlp.down_proj.weight: Got unsupported ScalarType BFloat16
error saving model.layers.19.input_layernorm.weight: Got unsupported ScalarType BFloat16
error saving model.layers.19.post_attention_layernorm.weight: Got unsupported ScalarType BFloat16
error saving model.layers.20.self_attn.q_proj.weight: Got unsupported ScalarType BFloat16
error saving model.layers.20.self_attn.k_proj.weight: Got unsupported ScalarType BFloat16
error saving model.layers.20.self_attn.v_proj.weight: Got unsupported ScalarType BFloat16
error saving model.layers.20.self_attn.o_proj.weight: Got unsupported ScalarType BFloat16
error saving model.layers.20.mlp.gate_proj.weight: Got unsupported ScalarType BFloat16
error saving model.layers.20.mlp.up_proj.weight: Got unsupported ScalarType BFloat16
error saving model.layers.20.mlp.down_proj.weight: Got unsupported ScalarType BFloat16
error saving model.layers.20.input_layernorm.weight: Got unsupported ScalarType BFloat16
error saving model.layers.20.post_attention_layernorm.weight: Got unsupported ScalarType BFloat16
error saving model.layers.21.self_attn.q_proj.weight: Got unsupported ScalarType BFloat16
error saving model.layers.21.self_attn.k_proj.weight: Got unsupported ScalarType BFloat16
error saving model.layers.21.self_attn.v_proj.weight: Got unsupported ScalarType BFloat16
error saving model.layers.21.self_attn.o_proj.weight: Got unsupported ScalarType BFloat16
error saving model.layers.21.mlp.gate_proj.weight: Got unsupported ScalarType BFloat16
error saving model.layers.21.mlp.up_proj.weight: Got unsupported ScalarType BFloat16
error saving model.layers.21.mlp.down_proj.weight: Got unsupported ScalarType BFloat16
error saving model.layers.21.input_layernorm.weight: Got unsupported ScalarType BFloat16
error saving model.layers.21.post_attention_layernorm.weight: Got unsupported ScalarType BFloat16
error saving model.layers.22.self_attn.q_proj.weight: Got unsupported ScalarType BFloat16
error saving model.layers.22.self_attn.k_proj.weight: Got unsupported ScalarType BFloat16
error saving model.layers.22.self_attn.v_proj.weight: Got unsupported ScalarType BFloat16
error saving model.layers.22.self_attn.o_proj.weight: Got unsupported ScalarType BFloat16
error saving model.layers.22.mlp.gate_proj.weight: Got unsupported ScalarType BFloat16
error saving model.layers.22.mlp.up_proj.weight: Got unsupported ScalarType BFloat16
error saving model.layers.22.mlp.down_proj.weight: Got unsupported ScalarType BFloat16
error saving model.layers.22.input_layernorm.weight: Got unsupported ScalarType BFloat16
error saving model.layers.22.post_attention_layernorm.weight: Got unsupported ScalarType BFloat16
error saving model.layers.23.self_attn.q_proj.weight: Got unsupported ScalarType BFloat16
error saving model.layers.23.self_attn.k_proj.weight: Got unsupported ScalarType BFloat16
error saving model.layers.23.self_attn.v_proj.weight: Got unsupported ScalarType BFloat16
error saving model.layers.23.self_attn.o_proj.weight: Got unsupported ScalarType BFloat16
error saving model.layers.23.mlp.gate_proj.weight: Got unsupported ScalarType BFloat16
error saving model.layers.23.mlp.up_proj.weight: Got unsupported ScalarType BFloat16
error saving model.layers.23.mlp.down_proj.weight: Got unsupported ScalarType BFloat16
error saving model.layers.23.input_layernorm.weight: Got unsupported ScalarType BFloat16
error saving model.layers.23.post_attention_layernorm.weight: Got unsupported ScalarType BFloat16
error saving model.layers.24.self_attn.q_proj.weight: Got unsupported ScalarType BFloat16
error saving model.layers.24.self_attn.k_proj.weight: Got unsupported ScalarType BFloat16
error saving model.layers.24.self_attn.v_proj.weight: Got unsupported ScalarType BFloat16
error saving model.layers.24.self_attn.o_proj.weight: Got unsupported ScalarType BFloat16
error saving model.layers.24.mlp.gate_proj.weight: Got unsupported ScalarType BFloat16
error saving model.layers.24.mlp.up_proj.weight: Got unsupported ScalarType BFloat16
error saving model.layers.24.mlp.down_proj.weight: Got unsupported ScalarType BFloat16
error saving model.layers.24.input_layernorm.weight: Got unsupported ScalarType BFloat16
error saving model.layers.24.post_attention_layernorm.weight: Got unsupported ScalarType BFloat16
error saving model.layers.25.self_attn.q_proj.weight: Got unsupported ScalarType BFloat16
error saving model.layers.25.self_attn.k_proj.weight: Got unsupported ScalarType BFloat16
error saving model.layers.25.self_attn.v_proj.weight: Got unsupported ScalarType BFloat16
error saving model.layers.25.self_attn.o_proj.weight: Got unsupported ScalarType BFloat16
error saving model.layers.25.mlp.gate_proj.weight: Got unsupported ScalarType BFloat16
error saving model.layers.25.mlp.up_proj.weight: Got unsupported ScalarType BFloat16
error saving model.layers.25.mlp.down_proj.weight: Got unsupported ScalarType BFloat16
error saving model.layers.25.input_layernorm.weight: Got unsupported ScalarType BFloat16
error saving model.layers.25.post_attention_layernorm.weight: Got unsupported ScalarType BFloat16
error saving model.layers.26.self_attn.q_proj.weight: Got unsupported ScalarType BFloat16
error saving model.layers.26.self_attn.k_proj.weight: Got unsupported ScalarType BFloat16
error saving model.layers.26.self_attn.v_proj.weight: Got unsupported ScalarType BFloat16
error saving model.layers.26.self_attn.o_proj.weight: Got unsupported ScalarType BFloat16
error saving model.layers.26.mlp.gate_proj.weight: Got unsupported ScalarType BFloat16
error saving model.layers.26.mlp.up_proj.weight: Got unsupported ScalarType BFloat16
error saving model.layers.26.mlp.down_proj.weight: Got unsupported ScalarType BFloat16
error saving model.layers.26.input_layernorm.weight: Got unsupported ScalarType BFloat16
error saving model.layers.26.post_attention_layernorm.weight: Got unsupported ScalarType BFloat16
error saving model.layers.27.self_attn.q_proj.weight: Got unsupported ScalarType BFloat16
error saving model.layers.27.self_attn.k_proj.weight: Got unsupported ScalarType BFloat16
error saving model.layers.27.self_attn.v_proj.weight: Got unsupported ScalarType BFloat16
error saving model.layers.27.self_attn.o_proj.weight: Got unsupported ScalarType BFloat16
error saving model.layers.27.mlp.gate_proj.weight: Got unsupported ScalarType BFloat16
error saving model.layers.27.mlp.up_proj.weight: Got unsupported ScalarType BFloat16
error saving model.layers.27.mlp.down_proj.weight: Got unsupported ScalarType BFloat16
error saving model.layers.27.input_layernorm.weight: Got unsupported ScalarType BFloat16
error saving model.layers.27.post_attention_layernorm.weight: Got unsupported ScalarType BFloat16
error saving model.norm.weight: Got unsupported ScalarType BFloat16
error saving lm_head.weight: Got unsupported ScalarType BFloat16
saving: 100%|██████████| 255/255 [00:00<00:00, 3810.92it/s]
✓ saved 0 parameters in 69.2 ms
✓ total size: 0.00 b

TENSORSTORE: loading
loading: 0it [00:00, ?it/s]loading: 0it [00:00, ?it/s]
✓ loaded 0 parameters in 1.4 ms

======================================================================
TENSORSTORE RESULTS
======================================================================
save time: 69.2 ms
load time: 1.4 ms
file size: 0.00 b
parameters: 0

======================================================================
GENERATING PLOTS
======================================================================
✓ plot saved: /mnt/common/zchowdhury1/tensorstore/llama-work/cluster/results/20251204_063850_sweep_chunk_Llama-3.2-3B-Instruct/chunk256_Llama-3.2-3B-Instruct/plots/comparison.png

======================================================================
SWEEP RUN COMPLETE
======================================================================

results: /mnt/common/zchowdhury1/tensorstore/llama-work/cluster/results/20251204_063850_sweep_chunk_Llama-3.2-3B-Instruct/chunk256_Llama-3.2-3B-Instruct/all_phases_results.json
plots: /mnt/common/zchowdhury1/tensorstore/llama-work/cluster/results/20251204_063850_sweep_chunk_Llama-3.2-3B-Instruct/chunk256_Llama-3.2-3B-Instruct/plots
checkpoints: /mnt/common/zchowdhury1/tensorstore/llama-work/cluster/saved_models/20251204_063850_sweep_chunk_Llama-3.2-3B-Instruct/chunk256_Llama-3.2-3B-Instruct

======================================================================

==========================================
sweep complete!
==========================================

generating comparison plots...
======================================================================
parameter sweep comparison: chunk
sweep id: 20251204_063850_sweep_chunk_Llama-3.2-3B-Instruct
values: ['1', '4', '16', '64', '128', '256']
======================================================================
✗ missing results for chunk=1
✗ missing results for chunk=4
✗ missing results for chunk=16
✗ missing results for chunk=64
✗ missing results for chunk=128
✗ missing results for chunk=256
error: no results found

results saved in: results/20251204_063850_sweep_chunk_Llama-3.2-3B-Instruct/
comparison plots: results/20251204_063850_sweep_chunk_Llama-3.2-3B-Instruct/sweep_comparison.png
